increment_id,item_id,Customer ID,created_at,price,qty_ordered,grand_total,discount_amount,payment_method,category_name_1,status
ORD0000000,1,33,2024-01-01 00:00:00,1388.61,1,1071.5,317.11,Payaxis,Mobiles & Tablets,complete
ORD0000001,2,295,2024-01-01 03:00:00,966.2,3,2898.6,0.0,cod,Mobiles & Tablets,complete
ORD0000002,3,547,2024-01-01 06:00:00,334.8,2,669.6,0.0,jazzwallet,Appliances,complete
ORD0000003,4,246,2024-01-01 09:00:00,1104.52,3,3313.56,0.0,Payaxis,Appliances,complete
ORD0000004,5,269,2024-01-01 12:00:00,480.38,4,1921.52,0.0,cod,Appliances,complete
ORD0000005,6,693,2024-01-01 15:00:00,298.63,2,597.26,0.0,jazzwallet,Beauty & Grooming,complete
ORD0000006,7,691,2024-01-01 18:00:00,1215.19,3,3396.55,249.02,Payaxis,Women's Fashion,complete
ORD0000007,8,325,2024-01-01 21:00:00,1581.16,3,4743.48,0.0,Payaxis,Beauty & Grooming,complete
ORD0000008,9,31,2024-01-02 00:00:00,1627.86,4,6376.08,135.36,cod,Appliances,canceled
ORD0000009,10,475,2024-01-02 03:00:00,1678.03,1,1678.03,0.0,cod,Men's Fashion,complete
ORD0000010,11,500,2024-01-02 06:00:00,257.38,1,257.38,0.0,cod,Beauty & Grooming,canceled
ORD0000011,12,639,2024-01-02 09:00:00,395.14,2,650.27,140.01,jazzwallet,Mobiles & Tablets,complete
ORD0000012,13,663,2024-01-02 12:00:00,4818.13,3,13879.92,574.47,easypay_voucher,Women's Fashion,canceled
ORD0000013,14,440,2024-01-02 15:00:00,499.99,4,1999.96,0.0,Payaxis,Beauty & Grooming,canceled
ORD0000014,15,75,2024-01-02 18:00:00,1733.9,2,3055.45,412.35,cod,Appliances,canceled
ORD0000015,16,175,2024-01-02 21:00:00,655.11,1,655.11,0.0,cod,Beauty & Grooming,canceled
ORD0000016,17,501,2024-01-03 00:00:00,1164.16,3,3386.64,105.84,easypay_voucher,Mobiles & Tablets,complete
ORD0000017,18,425,2024-01-03 03:00:00,682.02,3,2046.06,0.0,cod,Women's Fashion,complete
ORD0000018,19,305,2024-01-03 06:00:00,1670.96,2,3341.92,0.0,Payaxis,Appliances,complete
ORD0000019,20,281,2024-01-03 09:00:00,1215.1,1,1215.1,0.0,easypay_voucher,Appliances,complete
ORD0000020,21,496,2024-01-03 12:00:00,783.51,4,2576.46,557.58,Payaxis,Beauty & Grooming,complete
ORD0000021,22,296,2024-01-03 15:00:00,498.88,4,1995.52,0.0,cod,Women's Fashion,canceled
ORD0000022,23,109,2024-01-03 18:00:00,1340.54,3,4021.62,0.0,jazzwallet,Appliances,complete
ORD0000023,24,685,2024-01-03 21:00:00,441.62,3,1324.86,0.0,jazzwallet,Women's Fashion,complete
ORD0000024,25,245,2024-01-04 00:00:00,1511.13,2,3022.26,0.0,Payaxis,Beauty & Grooming,canceled
ORD0000025,26,195,2024-01-04 03:00:00,7862.53,2,15725.06,0.0,cod,Mobiles & Tablets,complete
ORD0000026,27,49,2024-01-04 06:00:00,3018.84,1,3018.84,0.0,cod,Men's Fashion,complete
ORD0000027,28,328,2024-01-04 09:00:00,1879.5,1,1879.5,0.0,cod,Mobiles & Tablets,complete
ORD0000028,29,690,2024-01-04 12:00:00,1028.44,2,2056.88,0.0,cod,Appliances,complete
ORD0000029,30,112,2024-01-04 15:00:00,256.19,2,512.38,0.0,Payaxis,Men's Fashion,canceled
ORD0000030,31,172,2024-01-04 18:00:00,406.79,1,377.83,28.96,Payaxis,Men's Fashion,complete
ORD0000031,32,125,2024-01-04 21:00:00,2870.08,4,11480.32,0.0,jazzwallet,Beauty & Grooming,canceled
ORD0000032,33,66,2024-01-05 00:00:00,606.49,2,1212.98,0.0,cod,Men's Fashion,complete
ORD0000033,34,422,2024-01-05 03:00:00,649.08,3,1947.24,0.0,cod,Mobiles & Tablets,canceled
ORD0000034,35,209,2024-01-05 06:00:00,968.51,2,1937.02,0.0,cod,Mobiles & Tablets,complete
ORD0000035,36,525,2024-01-05 09:00:00,494.46,2,988.92,0.0,cod,Men's Fashion,complete
ORD0000036,37,281,2024-01-05 12:00:00,437.0,4,1748.0,0.0,cod,Beauty & Grooming,canceled
ORD0000037,38,445,2024-01-05 15:00:00,1055.9,3,3167.7,0.0,cod,Women's Fashion,canceled
ORD0000038,39,63,2024-01-05 18:00:00,561.92,4,2247.68,0.0,cod,Beauty & Grooming,canceled
ORD0000039,40,231,2024-01-05 21:00:00,629.07,2,1258.14,0.0,Payaxis,Men's Fashion,complete
ORD0000040,41,290,2024-01-06 00:00:00,610.4,2,1220.8,0.0,cod,Men's Fashion,complete
ORD0000041,42,42,2024-01-06 03:00:00,1622.58,2,2487.34,757.82,Payaxis,Mobiles & Tablets,complete
ORD0000042,43,294,2024-01-06 06:00:00,921.41,3,2075.73,688.5,Payaxis,Men's Fashion,complete
ORD0000043,44,329,2024-01-06 09:00:00,959.17,2,1918.34,0.0,cod,Women's Fashion,complete
ORD0000044,45,283,2024-01-06 12:00:00,1715.93,2,3431.86,0.0,Payaxis,Beauty & Grooming,complete
ORD0000045,46,353,2024-01-06 15:00:00,985.82,1,985.82,0.0,Payaxis,Men's Fashion,complete
ORD0000046,47,558,2024-01-06 18:00:00,890.08,3,2670.24,0.0,cod,Appliances,complete
ORD0000047,48,539,2024-01-06 21:00:00,1560.62,3,4681.86,0.0,cod,Appliances,complete
ORD0000048,49,10,2024-01-07 00:00:00,1810.12,3,5430.36,0.0,Payaxis,Men's Fashion,canceled
ORD0000049,50,448,2024-01-07 03:00:00,982.1,4,3928.4,0.0,cod,Beauty & Grooming,canceled
ORD0000050,51,632,2024-01-07 06:00:00,1164.98,4,3905.65,754.27,cod,Women's Fashion,complete
ORD0000051,52,610,2024-01-07 09:00:00,610.12,4,2440.48,0.0,cod,Mobiles & Tablets,complete
ORD0000052,53,227,2024-01-07 12:00:00,575.07,1,575.07,0.0,Payaxis,Beauty & Grooming,canceled
ORD0000053,54,548,2024-01-07 15:00:00,1952.49,4,7809.96,0.0,Payaxis,Beauty & Grooming,complete
ORD0000054,55,560,2024-01-07 18:00:00,1531.05,2,3002.97,59.13,Payaxis,Mobiles & Tablets,complete
ORD0000055,56,256,2024-01-07 21:00:00,1542.98,2,3085.96,0.0,Payaxis,Beauty & Grooming,complete
ORD0000056,57,608,2024-01-08 00:00:00,1353.76,2,2635.15,72.37,cod,Beauty & Grooming,complete
ORD0000057,58,442,2024-01-08 03:00:00,1135.3,2,2169.24,101.36,easypay_voucher,Beauty & Grooming,complete
ORD0000058,59,526,2024-01-08 06:00:00,1848.83,4,7395.32,0.0,cod,Men's Fashion,complete
ORD0000059,60,523,2024-01-08 09:00:00,2211.29,3,6392.25,241.62,cod,Appliances,canceled
ORD0000060,61,547,2024-01-08 12:00:00,2172.04,4,8688.16,0.0,Payaxis,Women's Fashion,canceled
ORD0000061,62,669,2024-01-08 15:00:00,1016.8,4,4067.2,0.0,cod,Appliances,canceled
ORD0000062,63,600,2024-01-08 18:00:00,3103.37,2,6107.68,99.06,easypay_voucher,Appliances,complete
ORD0000063,64,296,2024-01-08 21:00:00,1301.59,3,3904.77,0.0,Payaxis,Appliances,complete
ORD0000064,65,393,2024-01-09 00:00:00,1762.14,3,5286.42,0.0,easypay_voucher,Women's Fashion,complete
ORD0000065,66,454,2024-01-09 03:00:00,1355.01,2,2710.02,0.0,easypay_voucher,Appliances,canceled
ORD0000066,67,599,2024-01-09 06:00:00,1319.83,3,3959.49,0.0,easypay_voucher,Women's Fashion,complete
ORD0000067,68,275,2024-01-09 09:00:00,631.56,3,1894.68,0.0,cod,Mobiles & Tablets,canceled
ORD0000068,69,219,2024-01-09 12:00:00,1855.69,4,6977.19,445.57,cod,Mobiles & Tablets,complete
ORD0000069,70,516,2024-01-09 15:00:00,9264.74,4,36890.69,168.27,cod,Beauty & Grooming,canceled
ORD0000070,71,667,2024-01-09 18:00:00,827.91,3,2483.73,0.0,cod,Beauty & Grooming,complete
ORD0000071,72,638,2024-01-09 21:00:00,1156.61,4,4626.44,0.0,cod,Women's Fashion,complete
ORD0000072,73,104,2024-01-10 00:00:00,784.73,1,784.73,0.0,jazzwallet,Mobiles & Tablets,complete
ORD0000073,74,643,2024-01-10 03:00:00,760.51,4,3042.04,0.0,cod,Appliances,canceled
ORD0000074,75,552,2024-01-10 06:00:00,3492.37,2,6978.45,6.29,cod,Mobiles & Tablets,complete
ORD0000075,76,110,2024-01-10 09:00:00,662.0,2,1324.0,0.0,cod,Men's Fashion,complete
ORD0000076,77,5,2024-01-10 12:00:00,768.5,4,2816.75,257.25,cod,Men's Fashion,complete
ORD0000077,78,143,2024-01-10 15:00:00,333.41,2,666.82,0.0,Payaxis,Mobiles & Tablets,complete
ORD0000078,79,650,2024-01-10 18:00:00,621.29,4,2485.16,0.0,easypay_voucher,Beauty & Grooming,canceled
ORD0000079,80,528,2024-01-10 21:00:00,304.51,2,0.0,736.67,Payaxis,Women's Fashion,complete
ORD0000080,81,403,2024-01-11 00:00:00,1761.38,2,3515.98,6.78,Payaxis,Men's Fashion,complete
ORD0000081,82,442,2024-01-11 03:00:00,8953.26,2,17906.52,0.0,cod,Women's Fashion,canceled
ORD0000082,83,289,2024-01-11 06:00:00,832.96,2,1332.28,333.64,Payaxis,Mobiles & Tablets,complete
ORD0000083,84,633,2024-01-11 09:00:00,314.17,4,1256.68,0.0,cod,Women's Fashion,complete
ORD0000084,85,110,2024-01-11 12:00:00,2153.82,1,2153.82,0.0,cod,Women's Fashion,canceled
ORD0000085,86,220,2024-01-11 15:00:00,635.75,3,1189.21,718.04,cod,Men's Fashion,complete
ORD0000086,87,141,2024-01-11 18:00:00,2905.93,4,11623.72,0.0,Payaxis,Beauty & Grooming,complete
ORD0000087,88,593,2024-01-11 21:00:00,887.56,2,1503.01,272.11,cod,Men's Fashion,complete
ORD0000088,89,378,2024-01-12 00:00:00,682.76,3,1767.2,281.08,cod,Mobiles & Tablets,canceled
ORD0000089,90,478,2024-01-12 03:00:00,959.61,2,1919.22,0.0,easypay_voucher,Women's Fashion,complete
ORD0000090,91,643,2024-01-12 06:00:00,1935.91,1,1935.91,0.0,cod,Beauty & Grooming,complete
ORD0000091,92,137,2024-01-12 09:00:00,924.67,3,2774.01,0.0,Payaxis,Men's Fashion,complete
ORD0000092,93,675,2024-01-12 12:00:00,755.56,4,2767.93,254.31,cod,Mobiles & Tablets,complete
ORD0000093,94,89,2024-01-12 15:00:00,944.71,3,2834.13,0.0,cod,Beauty & Grooming,canceled
ORD0000094,95,528,2024-01-12 18:00:00,422.47,2,844.94,0.0,cod,Women's Fashion,complete
ORD0000095,96,492,2024-01-12 21:00:00,1477.01,1,1477.01,0.0,easypay_voucher,Mobiles & Tablets,canceled
ORD0000096,97,577,2024-01-13 00:00:00,287.14,4,1148.56,0.0,cod,Appliances,complete
ORD0000097,98,111,2024-01-13 03:00:00,785.96,4,3143.84,0.0,cod,Men's Fashion,canceled
ORD0000098,99,671,2024-01-13 06:00:00,1938.25,4,7666.8,86.2,cod,Beauty & Grooming,complete
ORD0000099,100,556,2024-01-13 09:00:00,1376.48,2,2752.96,0.0,jazzwallet,Men's Fashion,complete
ORD0000100,101,78,2024-01-13 12:00:00,1707.42,3,5122.26,0.0,jazzwallet,Women's Fashion,canceled
ORD0000101,102,390,2024-01-13 15:00:00,1044.42,2,2088.84,0.0,Payaxis,Women's Fashion,complete
ORD0000102,103,572,2024-01-13 18:00:00,2636.77,1,2636.77,0.0,cod,Men's Fashion,canceled
ORD0000103,104,334,2024-01-13 21:00:00,2194.09,1,2194.09,0.0,jazzwallet,Women's Fashion,complete
ORD0000104,105,267,2024-01-14 00:00:00,1532.42,2,3064.84,0.0,Payaxis,Mobiles & Tablets,complete
ORD0000105,106,193,2024-01-14 03:00:00,2198.78,3,6342.01,254.33,Payaxis,Appliances,complete
ORD0000106,107,361,2024-01-14 06:00:00,1925.26,1,1925.26,0.0,cod,Appliances,complete
ORD0000107,108,688,2024-01-14 09:00:00,788.71,3,2366.13,0.0,cod,Beauty & Grooming,complete
ORD0000108,109,425,2024-01-14 12:00:00,400.24,2,800.48,0.0,cod,Men's Fashion,complete
ORD0000109,110,505,2024-01-14 15:00:00,1503.08,4,6012.32,0.0,jazzwallet,Men's Fashion,complete
ORD0000110,111,545,2024-01-14 18:00:00,1651.71,2,3232.3,71.12,cod,Women's Fashion,canceled
ORD0000111,112,544,2024-01-14 21:00:00,2484.57,1,2484.57,0.0,cod,Appliances,canceled
ORD0000112,113,280,2024-01-15 00:00:00,543.35,2,1086.7,0.0,cod,Beauty & Grooming,complete
ORD0000113,114,538,2024-01-15 03:00:00,555.67,4,2222.68,0.0,easypay_voucher,Mobiles & Tablets,complete
ORD0000114,115,230,2024-01-15 06:00:00,1548.32,2,3096.64,0.0,cod,Men's Fashion,complete
ORD0000115,116,409,2024-01-15 09:00:00,1039.63,3,3118.89,0.0,jazzwallet,Men's Fashion,complete
ORD0000116,117,212,2024-01-15 12:00:00,266.58,4,1066.32,0.0,Payaxis,Men's Fashion,complete
ORD0000117,118,657,2024-01-15 15:00:00,1452.92,2,2905.84,0.0,Payaxis,Women's Fashion,complete
ORD0000118,119,511,2024-01-15 18:00:00,273.33,3,784.3,35.69,cod,Beauty & Grooming,complete
ORD0000119,120,409,2024-01-15 21:00:00,539.72,1,539.72,0.0,easypay_voucher,Mobiles & Tablets,complete
ORD0000120,121,316,2024-01-16 00:00:00,3022.26,2,6044.52,0.0,easypay_voucher,Beauty & Grooming,complete
ORD0000121,122,364,2024-01-16 03:00:00,4309.85,2,8619.7,0.0,easypay_voucher,Appliances,complete
ORD0000122,123,546,2024-01-16 06:00:00,440.65,3,1321.95,0.0,cod,Appliances,complete
ORD0000123,124,192,2024-01-16 09:00:00,856.59,4,3426.36,0.0,cod,Appliances,complete
ORD0000124,125,580,2024-01-16 12:00:00,1132.26,2,1505.65,758.87,cod,Mobiles & Tablets,complete
ORD0000125,126,197,2024-01-16 15:00:00,4171.04,2,8342.08,0.0,easypay_voucher,Appliances,complete
ORD0000126,127,99,2024-01-16 18:00:00,757.75,4,3031.0,0.0,cod,Men's Fashion,complete
ORD0000127,128,516,2024-01-16 21:00:00,766.89,2,1156.6,377.18,cod,Women's Fashion,canceled
ORD0000128,129,496,2024-01-17 00:00:00,3503.59,3,10510.41,0.36,cod,Appliances,canceled
ORD0000129,130,235,2024-01-17 03:00:00,827.91,3,2483.73,0.0,easypay_voucher,Appliances,complete
ORD0000130,131,454,2024-01-17 06:00:00,1884.94,1,1805.66,79.28,cod,Men's Fashion,complete
ORD0000131,132,510,2024-01-17 09:00:00,362.18,4,1448.72,0.0,jazzwallet,Men's Fashion,canceled
ORD0000132,133,551,2024-01-17 12:00:00,964.47,2,1425.85,503.09,easypay_voucher,Women's Fashion,complete
ORD0000133,134,666,2024-01-17 15:00:00,315.86,3,947.58,0.0,cod,Mobiles & Tablets,complete
ORD0000134,135,598,2024-01-17 18:00:00,496.92,2,472.73,521.11,easypay_voucher,Appliances,complete
ORD0000135,136,308,2024-01-17 21:00:00,2057.82,4,8231.28,0.0,cod,Mobiles & Tablets,complete
ORD0000136,137,161,2024-01-18 00:00:00,1056.35,3,3169.05,0.0,jazzwallet,Women's Fashion,complete
ORD0000137,138,69,2024-01-18 03:00:00,863.22,1,863.22,0.0,easypay_voucher,Appliances,complete
ORD0000138,139,402,2024-01-18 06:00:00,625.43,1,625.43,0.0,Payaxis,Mobiles & Tablets,complete
ORD0000139,140,466,2024-01-18 09:00:00,929.37,4,3717.48,0.0,cod,Beauty & Grooming,complete
ORD0000140,141,483,2024-01-18 12:00:00,1374.49,3,3714.24,409.23,easypay_voucher,Men's Fashion,canceled
ORD0000141,142,7,2024-01-18 15:00:00,2292.02,2,4584.04,0.0,easypay_voucher,Mobiles & Tablets,complete
ORD0000142,143,491,2024-01-18 18:00:00,153.11,1,153.11,0.0,jazzwallet,Appliances,complete
ORD0000143,144,551,2024-01-18 21:00:00,587.68,1,587.68,0.0,easypay_voucher,Women's Fashion,canceled
ORD0000144,145,505,2024-01-19 00:00:00,1235.61,4,4942.44,0.0,cod,Appliances,complete
ORD0000145,146,368,2024-01-19 03:00:00,1018.26,4,4073.04,0.0,cod,Appliances,canceled
ORD0000146,147,11,2024-01-19 06:00:00,1484.05,2,2968.1,0.0,cod,Women's Fashion,complete
ORD0000147,148,343,2024-01-19 09:00:00,1340.31,1,888.3,452.01,easypay_voucher,Beauty & Grooming,complete
ORD0000148,149,451,2024-01-19 12:00:00,872.49,2,1181.76,563.22,cod,Men's Fashion,complete
ORD0000149,150,399,2024-01-19 15:00:00,738.68,1,288.96,449.72,cod,Women's Fashion,complete
ORD0000150,151,402,2024-01-19 18:00:00,912.21,3,2736.63,0.0,Payaxis,Mobiles & Tablets,complete
ORD0000151,152,361,2024-01-19 21:00:00,2595.56,3,7786.68,0.0,jazzwallet,Appliances,complete
ORD0000152,153,386,2024-01-20 00:00:00,633.33,4,2533.32,0.0,cod,Men's Fashion,canceled
ORD0000153,154,227,2024-01-20 03:00:00,1046.17,2,2092.34,0.0,easypay_voucher,Appliances,complete
ORD0000154,155,423,2024-01-20 06:00:00,1258.29,1,615.97,642.32,cod,Beauty & Grooming,complete
ORD0000155,156,197,2024-01-20 09:00:00,3534.27,1,3534.27,0.0,Payaxis,Beauty & Grooming,complete
ORD0000156,157,344,2024-01-20 12:00:00,875.48,2,1220.55,530.41,cod,Beauty & Grooming,canceled
ORD0000157,158,291,2024-01-20 15:00:00,2250.94,3,6752.82,0.0,easypay_voucher,Mobiles & Tablets,complete
ORD0000158,159,500,2024-01-20 18:00:00,2762.76,1,2762.76,0.0,Payaxis,Mobiles & Tablets,canceled
ORD0000159,160,626,2024-01-20 21:00:00,1045.43,4,4181.72,0.0,Payaxis,Beauty & Grooming,complete
ORD0000160,161,443,2024-01-21 00:00:00,936.32,2,1282.23,590.41,cod,Men's Fashion,canceled
ORD0000161,162,95,2024-01-21 03:00:00,856.8,4,3367.98,59.22,jazzwallet,Mobiles & Tablets,complete
ORD0000162,163,467,2024-01-21 06:00:00,905.18,2,1810.36,0.0,cod,Men's Fashion,complete
ORD0000163,164,228,2024-01-21 09:00:00,2081.16,1,1792.26,288.9,cod,Beauty & Grooming,complete
ORD0000164,165,35,2024-01-21 12:00:00,1304.09,1,1304.09,0.0,easypay_voucher,Men's Fashion,complete
ORD0000165,166,135,2024-01-21 15:00:00,1308.28,3,3924.84,0.0,cod,Mobiles & Tablets,canceled
ORD0000166,167,699,2024-01-21 18:00:00,471.58,3,1146.97,267.77,Payaxis,Appliances,complete
ORD0000167,168,299,2024-01-21 21:00:00,530.8,4,1903.11,220.09,Payaxis,Mobiles & Tablets,complete
ORD0000168,169,142,2024-01-22 00:00:00,5473.02,4,21892.08,0.0,cod,Men's Fashion,complete
ORD0000169,170,94,2024-01-22 03:00:00,959.71,1,959.71,0.0,jazzwallet,Mobiles & Tablets,complete
ORD0000170,171,455,2024-01-22 06:00:00,613.34,2,1226.68,0.0,cod,Appliances,canceled
ORD0000171,172,532,2024-01-22 09:00:00,3207.75,1,3207.75,0.0,easypay_voucher,Women's Fashion,complete
ORD0000172,173,247,2024-01-22 12:00:00,1354.73,1,1067.15,287.58,cod,Beauty & Grooming,complete
ORD0000173,174,73,2024-01-22 15:00:00,1691.91,1,1691.91,0.0,jazzwallet,Men's Fashion,canceled
ORD0000174,175,248,2024-01-22 18:00:00,988.77,1,988.77,0.0,cod,Men's Fashion,complete
ORD0000175,176,466,2024-01-22 21:00:00,863.5,3,2590.5,0.0,cod,Mobiles & Tablets,canceled
ORD0000176,177,80,2024-01-23 00:00:00,965.66,1,965.66,0.0,cod,Men's Fashion,complete
ORD0000177,178,188,2024-01-23 03:00:00,388.75,1,388.75,0.0,jazzwallet,Women's Fashion,complete
ORD0000178,179,2,2024-01-23 06:00:00,1026.65,1,1026.65,0.0,jazzwallet,Mobiles & Tablets,complete
ORD0000179,180,331,2024-01-23 09:00:00,1369.26,3,4107.78,0.0,Payaxis,Women's Fashion,canceled
ORD0000180,181,120,2024-01-23 12:00:00,4393.35,3,13180.05,0.0,jazzwallet,Beauty & Grooming,canceled
ORD0000181,182,140,2024-01-23 15:00:00,1169.7,4,4678.8,0.0,jazzwallet,Appliances,complete
ORD0000182,183,79,2024-01-23 18:00:00,190.45,1,160.44,30.01,easypay_voucher,Appliances,complete
ORD0000183,184,511,2024-01-23 21:00:00,1021.99,1,1021.99,0.0,cod,Beauty & Grooming,complete
ORD0000184,185,343,2024-01-24 00:00:00,8558.05,2,17116.1,0.0,Payaxis,Appliances,complete
ORD0000185,186,663,2024-01-24 03:00:00,2100.17,3,5514.78,785.73,Payaxis,Appliances,complete
ORD0000186,187,277,2024-01-24 06:00:00,596.95,1,596.95,0.0,cod,Beauty & Grooming,complete
ORD0000187,188,155,2024-01-24 09:00:00,1708.43,1,1708.43,0.0,cod,Mobiles & Tablets,canceled
ORD0000188,189,143,2024-01-24 12:00:00,628.6,2,1257.2,0.0,Payaxis,Beauty & Grooming,canceled
ORD0000189,190,667,2024-01-24 15:00:00,397.28,1,397.28,0.0,cod,Men's Fashion,complete
ORD0000190,191,413,2024-01-24 18:00:00,844.48,2,978.39,710.57,jazzwallet,Appliances,complete
ORD0000191,192,228,2024-01-24 21:00:00,1174.56,4,4369.64,328.6,cod,Beauty & Grooming,complete
ORD0000192,193,458,2024-01-25 00:00:00,269.32,3,507.25,300.71,cod,Women's Fashion,complete
ORD0000193,194,390,2024-01-25 03:00:00,463.19,2,926.38,0.0,Payaxis,Mobiles & Tablets,complete
ORD0000194,195,81,2024-01-25 06:00:00,1105.17,2,2210.34,0.0,cod,Men's Fashion,complete
ORD0000195,196,491,2024-01-25 09:00:00,807.44,4,3229.76,0.0,cod,Women's Fashion,complete
ORD0000196,197,84,2024-01-25 12:00:00,1474.55,3,4370.46,53.19,easypay_voucher,Beauty & Grooming,complete
ORD0000197,198,140,2024-01-25 15:00:00,440.98,3,1128.27,194.67,jazzwallet,Beauty & Grooming,complete
ORD0000198,199,499,2024-01-25 18:00:00,1873.54,4,7494.16,0.0,cod,Women's Fashion,complete
ORD0000199,200,311,2024-01-25 21:00:00,451.32,1,111.84,339.48,cod,Beauty & Grooming,complete
ORD0000200,201,156,2024-01-26 00:00:00,3759.54,1,3759.54,0.0,Payaxis,Women's Fashion,complete
ORD0000201,202,48,2024-01-26 03:00:00,302.83,2,605.66,0.0,jazzwallet,Women's Fashion,complete
ORD0000202,203,415,2024-01-26 06:00:00,483.27,2,966.54,0.0,easypay_voucher,Beauty & Grooming,complete
ORD0000203,204,488,2024-01-26 09:00:00,1499.71,1,1499.71,0.0,cod,Appliances,complete
ORD0000204,205,142,2024-01-26 12:00:00,3820.65,1,3263.44,557.21,cod,Women's Fashion,complete
ORD0000205,206,292,2024-01-26 15:00:00,1388.92,4,4874.27,681.41,cod,Women's Fashion,canceled
ORD0000206,207,241,2024-01-26 18:00:00,1672.61,3,4534.87,482.96,cod,Appliances,complete
ORD0000207,208,624,2024-01-26 21:00:00,1111.15,3,3333.45,0.0,Payaxis,Appliances,complete
ORD0000208,209,553,2024-01-27 00:00:00,507.86,1,507.86,0.0,cod,Women's Fashion,complete
ORD0000209,210,192,2024-01-27 03:00:00,759.3,2,1518.6,0.0,easypay_voucher,Mobiles & Tablets,complete
ORD0000210,211,359,2024-01-27 06:00:00,441.89,3,730.33,595.34,Payaxis,Mobiles & Tablets,complete
ORD0000211,212,646,2024-01-27 09:00:00,420.3,3,1260.9,0.0,easypay_voucher,Mobiles & Tablets,complete
ORD0000212,213,242,2024-01-27 12:00:00,1482.24,3,4409.66,37.06,cod,Women's Fashion,complete
ORD0000213,214,99,2024-01-27 15:00:00,472.3,3,1416.9,0.0,Payaxis,Appliances,complete
ORD0000214,215,209,2024-01-27 18:00:00,1393.63,2,2787.26,0.0,Payaxis,Beauty & Grooming,complete
ORD0000215,216,425,2024-01-27 21:00:00,413.08,4,976.97,675.35,Payaxis,Men's Fashion,complete
ORD0000216,217,694,2024-01-28 00:00:00,1369.62,2,2739.24,0.0,cod,Appliances,canceled
ORD0000217,218,216,2024-01-28 03:00:00,760.13,1,0.0,764.35,cod,Appliances,complete
ORD0000218,219,41,2024-01-28 06:00:00,3149.38,4,12597.52,0.0,jazzwallet,Mobiles & Tablets,complete
ORD0000219,220,128,2024-01-28 09:00:00,1397.99,1,1397.99,0.0,cod,Men's Fashion,complete
ORD0000220,221,289,2024-01-28 12:00:00,2770.65,2,5541.3,0.0,cod,Men's Fashion,complete
ORD0000221,222,66,2024-01-28 15:00:00,622.2,1,622.2,0.0,easypay_voucher,Beauty & Grooming,complete
ORD0000222,223,25,2024-01-28 18:00:00,1143.8,1,1143.8,0.0,Payaxis,Beauty & Grooming,complete
ORD0000223,224,459,2024-01-28 21:00:00,525.41,2,950.19,100.63,jazzwallet,Beauty & Grooming,complete
ORD0000224,225,577,2024-01-29 00:00:00,804.16,1,804.16,0.0,cod,Women's Fashion,complete
ORD0000225,226,163,2024-01-29 03:00:00,900.92,2,1801.84,0.0,jazzwallet,Women's Fashion,complete
ORD0000226,227,366,2024-01-29 06:00:00,636.26,4,1868.25,676.79,cod,Men's Fashion,complete
ORD0000227,228,401,2024-01-29 09:00:00,440.7,1,440.7,0.0,easypay_voucher,Appliances,complete
ORD0000228,229,467,2024-01-29 12:00:00,379.88,4,1519.52,0.0,easypay_voucher,Mobiles & Tablets,complete
ORD0000229,230,685,2024-01-29 15:00:00,189.65,2,379.3,0.0,cod,Men's Fashion,canceled
ORD0000230,231,619,2024-01-29 18:00:00,496.58,3,898.14,591.6,cod,Mobiles & Tablets,complete
ORD0000231,232,221,2024-01-29 21:00:00,1755.7,2,3511.4,0.0,cod,Women's Fashion,complete
ORD0000232,233,683,2024-01-30 00:00:00,330.67,2,661.34,0.0,jazzwallet,Men's Fashion,complete
ORD0000233,234,25,2024-01-30 03:00:00,393.04,1,0.0,789.9,easypay_voucher,Mobiles & Tablets,canceled
ORD0000234,235,673,2024-01-30 06:00:00,4201.4,3,12408.2,196.0,jazzwallet,Men's Fashion,canceled
ORD0000235,236,100,2024-01-30 09:00:00,680.36,4,2721.44,0.0,Payaxis,Beauty & Grooming,complete
ORD0000236,237,80,2024-01-30 12:00:00,1395.19,3,4185.57,0.0,cod,Women's Fashion,complete
ORD0000237,238,84,2024-01-30 15:00:00,1775.32,3,5325.96,0.0,Payaxis,Beauty & Grooming,complete
ORD0000238,239,86,2024-01-30 18:00:00,1802.44,3,4712.02,695.3,cod,Beauty & Grooming,canceled
ORD0000239,240,324,2024-01-30 21:00:00,350.12,2,700.24,0.0,cod,Beauty & Grooming,canceled
ORD0000240,241,448,2024-01-31 00:00:00,922.15,1,922.15,0.0,Payaxis,Men's Fashion,complete
ORD0000241,242,521,2024-01-31 03:00:00,325.81,3,879.02,98.41,Payaxis,Beauty & Grooming,complete
ORD0000242,243,12,2024-01-31 06:00:00,6868.76,4,27475.04,0.0,cod,Beauty & Grooming,canceled
ORD0000243,244,208,2024-01-31 09:00:00,331.57,2,557.45,105.69,easypay_voucher,Beauty & Grooming,canceled
ORD0000244,245,93,2024-01-31 12:00:00,499.76,4,1977.78,21.26,easypay_voucher,Men's Fashion,canceled
ORD0000245,246,102,2024-01-31 15:00:00,502.48,4,2009.92,0.0,jazzwallet,Men's Fashion,canceled
ORD0000246,247,522,2024-01-31 18:00:00,356.92,1,356.92,0.0,easypay_voucher,Women's Fashion,complete
ORD0000247,248,448,2024-01-31 21:00:00,3024.33,3,8273.75,799.24,cod,Beauty & Grooming,canceled
ORD0000248,249,147,2024-02-01 00:00:00,6746.88,3,20240.64,0.0,cod,Beauty & Grooming,canceled
ORD0000249,250,211,2024-02-01 03:00:00,767.54,2,856.21,678.87,cod,Women's Fashion,complete
ORD0000250,251,647,2024-02-01 06:00:00,407.35,3,1222.05,0.0,easypay_voucher,Mobiles & Tablets,complete
ORD0000251,252,403,2024-02-01 09:00:00,204.86,4,819.44,0.0,jazzwallet,Women's Fashion,complete
ORD0000252,253,167,2024-02-01 12:00:00,913.17,3,2739.51,0.0,cod,Appliances,complete
ORD0000253,254,653,2024-02-01 15:00:00,865.0,4,3460.0,0.0,cod,Women's Fashion,complete
ORD0000254,255,139,2024-02-01 18:00:00,672.85,4,2691.4,0.0,cod,Men's Fashion,complete
ORD0000255,256,204,2024-02-01 21:00:00,1294.7,4,5178.8,0.0,Payaxis,Men's Fashion,complete
ORD0000256,257,485,2024-02-02 00:00:00,1474.95,4,5720.63,179.17,Payaxis,Mobiles & Tablets,complete
ORD0000257,258,359,2024-02-02 03:00:00,1397.32,1,932.99,464.33,cod,Men's Fashion,complete
ORD0000258,259,49,2024-02-02 06:00:00,865.15,1,865.15,0.0,cod,Appliances,complete
ORD0000259,260,564,2024-02-02 09:00:00,480.0,1,477.58,2.42,easypay_voucher,Men's Fashion,complete
ORD0000260,261,160,2024-02-02 12:00:00,1806.91,1,1806.91,0.0,cod,Beauty & Grooming,canceled
ORD0000261,262,484,2024-02-02 15:00:00,1106.97,3,3166.39,154.52,Payaxis,Mobiles & Tablets,complete
ORD0000262,263,234,2024-02-02 18:00:00,2135.1,3,6405.3,0.0,cod,Women's Fashion,canceled
ORD0000263,264,526,2024-02-02 21:00:00,1983.38,2,3255.88,710.88,cod,Women's Fashion,complete
ORD0000264,265,628,2024-02-03 00:00:00,377.54,1,377.54,0.0,jazzwallet,Beauty & Grooming,complete
ORD0000265,266,541,2024-02-03 03:00:00,374.03,3,1122.09,0.0,cod,Beauty & Grooming,canceled
ORD0000266,267,644,2024-02-03 06:00:00,622.25,2,800.01,444.49,cod,Women's Fashion,canceled
ORD0000267,268,378,2024-02-03 09:00:00,496.61,4,1986.44,0.0,cod,Appliances,canceled
ORD0000268,269,46,2024-02-03 12:00:00,1932.25,1,1932.25,0.0,cod,Appliances,complete
ORD0000269,270,375,2024-02-03 15:00:00,1427.22,2,2109.42,745.02,cod,Women's Fashion,canceled
ORD0000270,271,323,2024-02-03 18:00:00,2500.86,1,2017.52,483.34,cod,Mobiles & Tablets,canceled
ORD0000271,272,503,2024-02-03 21:00:00,1476.4,2,2952.8,0.0,cod,Women's Fashion,canceled
ORD0000272,273,174,2024-02-04 00:00:00,1282.4,4,5129.6,0.0,cod,Men's Fashion,complete
ORD0000273,274,488,2024-02-04 03:00:00,2696.74,2,4820.23,573.25,easypay_voucher,Women's Fashion,canceled
ORD0000274,275,309,2024-02-04 06:00:00,1559.77,2,3119.54,0.0,Payaxis,Appliances,complete
ORD0000275,276,469,2024-02-04 09:00:00,1154.1,2,1527.64,780.56,cod,Men's Fashion,complete
ORD0000276,277,294,2024-02-04 12:00:00,3328.71,2,6642.88,14.54,cod,Men's Fashion,complete
ORD0000277,278,268,2024-02-04 15:00:00,1195.58,3,3586.74,0.0,easypay_voucher,Beauty & Grooming,complete
ORD0000278,279,150,2024-02-04 18:00:00,872.83,4,3178.05,313.27,jazzwallet,Men's Fashion,canceled
ORD0000279,280,580,2024-02-04 21:00:00,585.01,3,1084.64,670.39,jazzwallet,Mobiles & Tablets,complete
ORD0000280,281,49,2024-02-05 00:00:00,1858.02,3,5574.06,0.0,cod,Appliances,complete
ORD0000281,282,166,2024-02-05 03:00:00,2773.29,2,5094.86,451.72,cod,Appliances,canceled
ORD0000282,283,299,2024-02-05 06:00:00,1055.81,1,768.31,287.5,cod,Beauty & Grooming,complete
ORD0000283,284,109,2024-02-05 09:00:00,2924.67,3,8774.01,0.0,cod,Appliances,complete
ORD0000284,285,641,2024-02-05 12:00:00,250.26,4,1001.04,0.0,easypay_voucher,Beauty & Grooming,canceled
ORD0000285,286,242,2024-02-05 15:00:00,1051.96,3,3155.88,0.0,cod,Women's Fashion,canceled
ORD0000286,287,170,2024-02-05 18:00:00,1064.15,1,1064.15,0.0,cod,Men's Fashion,complete
ORD0000287,288,178,2024-02-05 21:00:00,635.72,3,1907.16,0.0,cod,Beauty & Grooming,complete
ORD0000288,289,134,2024-02-06 00:00:00,6554.43,4,25840.41,377.31,easypay_voucher,Men's Fashion,complete
ORD0000289,290,464,2024-02-06 03:00:00,1043.52,1,1043.52,0.0,cod,Men's Fashion,canceled
ORD0000290,291,337,2024-02-06 06:00:00,807.71,1,419.47,388.24,Payaxis,Beauty & Grooming,complete
ORD0000291,292,162,2024-02-06 09:00:00,1118.2,3,2827.14,527.46,cod,Beauty & Grooming,canceled
ORD0000292,293,611,2024-02-06 12:00:00,244.18,2,488.36,0.0,jazzwallet,Men's Fashion,complete
ORD0000293,294,459,2024-02-06 15:00:00,620.24,3,1860.72,0.0,cod,Appliances,complete
ORD0000294,295,282,2024-02-06 18:00:00,2292.57,3,6877.71,0.0,jazzwallet,Beauty & Grooming,complete
ORD0000295,296,359,2024-02-06 21:00:00,684.23,2,935.88,432.58,jazzwallet,Appliances,complete
ORD0000296,297,459,2024-02-07 00:00:00,588.95,1,434.33,154.62,jazzwallet,Mobiles & Tablets,complete
ORD0000297,298,107,2024-02-07 03:00:00,2928.2,3,8784.6,0.0,Payaxis,Appliances,canceled
ORD0000298,299,566,2024-02-07 06:00:00,2996.47,2,5992.94,0.0,Payaxis,Mobiles & Tablets,complete
ORD0000299,300,181,2024-02-07 09:00:00,1616.05,4,6464.2,0.0,easypay_voucher,Beauty & Grooming,canceled
ORD0000300,301,21,2024-02-07 12:00:00,779.51,2,925.29,633.73,Payaxis,Mobiles & Tablets,complete
ORD0000301,302,365,2024-02-07 15:00:00,916.35,1,568.29,348.06,cod,Beauty & Grooming,canceled
ORD0000302,303,613,2024-02-07 18:00:00,599.97,4,2399.88,0.0,easypay_voucher,Mobiles & Tablets,complete
ORD0000303,304,513,2024-02-07 21:00:00,520.05,3,1560.15,0.0,easypay_voucher,Women's Fashion,complete
ORD0000304,305,216,2024-02-08 00:00:00,501.04,3,1314.98,188.14,jazzwallet,Men's Fashion,complete
ORD0000305,306,279,2024-02-08 03:00:00,689.84,4,2743.72,15.64,cod,Beauty & Grooming,canceled
ORD0000306,307,417,2024-02-08 06:00:00,504.7,4,1929.7,89.1,cod,Men's Fashion,complete
ORD0000307,308,163,2024-02-08 09:00:00,339.41,4,1162.04,195.6,easypay_voucher,Appliances,complete
ORD0000308,309,574,2024-02-08 12:00:00,1292.78,4,5171.12,0.0,cod,Mobiles & Tablets,complete
ORD0000309,310,207,2024-02-08 15:00:00,1307.6,2,1994.54,620.66,cod,Women's Fashion,complete
ORD0000310,311,152,2024-02-08 18:00:00,3926.86,1,3926.86,0.0,cod,Beauty & Grooming,canceled
ORD0000311,312,67,2024-02-08 21:00:00,664.31,3,1992.93,0.0,cod,Beauty & Grooming,complete
ORD0000312,313,485,2024-02-09 00:00:00,1369.33,4,5477.32,0.0,cod,Men's Fashion,complete
ORD0000313,314,18,2024-02-09 03:00:00,1386.5,4,5546.0,0.0,cod,Men's Fashion,canceled
ORD0000314,315,564,2024-02-09 06:00:00,906.53,3,2174.15,545.44,cod,Women's Fashion,complete
ORD0000315,316,681,2024-02-09 09:00:00,1916.49,3,5258.03,491.44,cod,Women's Fashion,complete
ORD0000316,317,78,2024-02-09 12:00:00,1961.42,3,5866.82,17.44,cod,Women's Fashion,complete
ORD0000317,318,68,2024-02-09 15:00:00,1401.86,1,1401.86,0.0,Payaxis,Mobiles & Tablets,complete
ORD0000318,319,654,2024-02-09 18:00:00,905.3,1,294.56,610.74,cod,Appliances,complete
ORD0000319,320,88,2024-02-09 21:00:00,838.7,1,838.7,0.0,jazzwallet,Men's Fashion,complete
ORD0000320,321,285,2024-02-10 00:00:00,393.15,4,1064.3,508.3,jazzwallet,Men's Fashion,complete
ORD0000321,322,609,2024-02-10 03:00:00,599.18,4,1915.53,481.19,easypay_voucher,Beauty & Grooming,complete
ORD0000322,323,98,2024-02-10 06:00:00,687.8,2,1375.6,0.0,cod,Appliances,canceled
ORD0000323,324,464,2024-02-10 09:00:00,472.02,2,944.04,0.0,easypay_voucher,Men's Fashion,complete
ORD0000324,325,268,2024-02-10 12:00:00,1525.29,2,3050.58,0.0,jazzwallet,Beauty & Grooming,complete
ORD0000325,326,305,2024-02-10 15:00:00,2690.47,1,2690.47,0.0,easypay_voucher,Men's Fashion,canceled
ORD0000326,327,651,2024-02-10 18:00:00,554.99,2,648.95,461.03,Payaxis,Women's Fashion,complete
ORD0000327,328,454,2024-02-10 21:00:00,1356.39,2,2258.53,454.25,easypay_voucher,Men's Fashion,complete
ORD0000328,329,224,2024-02-11 00:00:00,504.93,3,1514.79,0.0,easypay_voucher,Mobiles & Tablets,complete
ORD0000329,330,654,2024-02-11 03:00:00,872.45,4,3489.8,0.0,cod,Women's Fashion,complete
ORD0000330,331,406,2024-02-11 06:00:00,653.44,1,653.44,0.0,Payaxis,Women's Fashion,complete
ORD0000331,332,70,2024-02-11 09:00:00,1722.31,2,3127.42,317.2,cod,Beauty & Grooming,complete
ORD0000332,333,275,2024-02-11 12:00:00,659.12,4,2636.48,0.0,Payaxis,Men's Fashion,complete
ORD0000333,334,171,2024-02-11 15:00:00,2341.96,4,8723.88,643.96,jazzwallet,Beauty & Grooming,complete
ORD0000334,335,450,2024-02-11 18:00:00,912.06,4,3648.24,0.0,cod,Appliances,canceled
ORD0000335,336,602,2024-02-11 21:00:00,673.71,3,2021.13,0.0,easypay_voucher,Mobiles & Tablets,complete
ORD0000336,337,28,2024-02-12 00:00:00,428.38,1,428.38,0.0,cod,Appliances,complete
ORD0000337,338,546,2024-02-12 03:00:00,1325.98,4,5303.92,0.0,Payaxis,Women's Fashion,canceled
ORD0000338,339,641,2024-02-12 06:00:00,2146.11,3,6438.33,0.0,cod,Men's Fashion,canceled
ORD0000339,340,695,2024-02-12 09:00:00,1346.13,4,5223.74,160.78,jazzwallet,Women's Fashion,complete
ORD0000340,341,463,2024-02-12 12:00:00,5878.89,4,23515.56,0.0,cod,Men's Fashion,complete
ORD0000341,342,220,2024-02-12 15:00:00,3204.59,2,6409.18,0.0,jazzwallet,Appliances,complete
ORD0000342,343,102,2024-02-12 18:00:00,870.75,1,870.75,0.0,Payaxis,Women's Fashion,complete
ORD0000343,344,661,2024-02-12 21:00:00,863.92,3,2591.76,0.0,easypay_voucher,Women's Fashion,complete
ORD0000344,345,289,2024-02-13 00:00:00,1559.74,2,3119.48,0.0,Payaxis,Men's Fashion,complete
ORD0000345,346,241,2024-02-13 03:00:00,584.93,1,566.47,18.46,Payaxis,Men's Fashion,complete
ORD0000346,347,514,2024-02-13 06:00:00,2629.94,2,5259.88,0.0,jazzwallet,Women's Fashion,complete
ORD0000347,348,500,2024-02-13 09:00:00,1438.28,4,5753.12,0.0,cod,Women's Fashion,complete
ORD0000348,349,566,2024-02-13 12:00:00,1329.22,2,2658.44,0.0,easypay_voucher,Men's Fashion,canceled
ORD0000349,350,618,2024-02-13 15:00:00,1835.76,2,3671.52,0.0,cod,Women's Fashion,canceled
ORD0000350,351,614,2024-02-13 18:00:00,3992.3,3,11976.9,0.0,easypay_voucher,Men's Fashion,complete
ORD0000351,352,120,2024-02-13 21:00:00,1246.65,3,3673.1,66.85,cod,Women's Fashion,complete
ORD0000352,353,119,2024-02-14 00:00:00,1007.49,2,2014.98,0.0,easypay_voucher,Mobiles & Tablets,complete
ORD0000353,354,144,2024-02-14 03:00:00,3400.03,4,13600.12,0.0,easypay_voucher,Women's Fashion,complete
ORD0000354,355,439,2024-02-14 06:00:00,2265.75,3,6797.25,0.0,cod,Appliances,complete
ORD0000355,356,407,2024-02-14 09:00:00,862.01,1,862.01,0.0,easypay_voucher,Beauty & Grooming,complete
ORD0000356,357,600,2024-02-14 12:00:00,1100.91,2,2201.82,0.0,Payaxis,Appliances,complete
ORD0000357,358,590,2024-02-14 15:00:00,1269.7,4,5078.8,0.0,Payaxis,Appliances,complete
ORD0000358,359,569,2024-02-14 18:00:00,1438.51,1,1438.51,0.0,easypay_voucher,Mobiles & Tablets,canceled
ORD0000359,360,56,2024-02-14 21:00:00,396.45,1,7.9,388.55,easypay_voucher,Men's Fashion,complete
ORD0000360,361,487,2024-02-15 00:00:00,344.86,3,945.42,89.16,jazzwallet,Appliances,complete
ORD0000361,362,595,2024-02-15 03:00:00,563.66,2,1127.32,0.0,cod,Beauty & Grooming,complete
ORD0000362,363,687,2024-02-15 06:00:00,531.9,2,723.11,340.69,cod,Women's Fashion,complete
ORD0000363,364,240,2024-02-15 09:00:00,676.64,2,1353.28,0.0,cod,Beauty & Grooming,canceled
ORD0000364,365,543,2024-02-15 12:00:00,1765.22,1,1762.07,3.15,easypay_voucher,Men's Fashion,complete
ORD0000365,366,284,2024-02-15 15:00:00,966.13,2,1932.26,0.0,cod,Mobiles & Tablets,complete
ORD0000366,367,113,2024-02-15 18:00:00,1270.67,1,1044.39,226.28,Payaxis,Mobiles & Tablets,complete
ORD0000367,368,238,2024-02-15 21:00:00,437.8,3,917.9,395.5,Payaxis,Women's Fashion,complete
ORD0000368,369,176,2024-02-16 00:00:00,775.7,3,2327.1,0.0,cod,Appliances,complete
ORD0000369,370,638,2024-02-16 03:00:00,1703.51,4,6017.03,797.01,jazzwallet,Men's Fashion,canceled
ORD0000370,371,123,2024-02-16 06:00:00,1713.36,1,1528.69,184.67,Payaxis,Appliances,complete
ORD0000371,372,92,2024-02-16 09:00:00,636.87,2,543.45,730.29,cod,Appliances,canceled
ORD0000372,373,406,2024-02-16 12:00:00,1237.99,2,1741.61,734.37,cod,Men's Fashion,complete
ORD0000373,374,402,2024-02-16 15:00:00,5705.21,3,17115.63,0.0,cod,Men's Fashion,complete
ORD0000374,375,393,2024-02-16 18:00:00,1082.25,3,3003.55,243.2,cod,Appliances,canceled
ORD0000375,376,104,2024-02-16 21:00:00,652.04,4,2608.16,0.0,cod,Appliances,complete
ORD0000376,377,349,2024-02-17 00:00:00,962.64,4,3850.56,0.0,jazzwallet,Mobiles & Tablets,complete
ORD0000377,378,650,2024-02-17 03:00:00,1175.13,4,4700.52,0.0,cod,Men's Fashion,complete
ORD0000378,379,63,2024-02-17 06:00:00,979.09,1,979.09,0.0,cod,Women's Fashion,complete
ORD0000379,380,558,2024-02-17 09:00:00,1071.15,1,1042.42,28.73,Payaxis,Women's Fashion,complete
ORD0000380,381,88,2024-02-17 12:00:00,371.45,4,1485.8,0.0,easypay_voucher,Mobiles & Tablets,canceled
ORD0000381,382,164,2024-02-17 15:00:00,532.74,4,2130.96,0.0,jazzwallet,Beauty & Grooming,complete
ORD0000382,383,628,2024-02-17 18:00:00,980.44,2,1923.3,37.58,Payaxis,Men's Fashion,complete
ORD0000383,384,209,2024-02-17 21:00:00,968.79,1,968.79,0.0,cod,Men's Fashion,complete
ORD0000384,385,366,2024-02-18 00:00:00,717.2,3,2151.6,0.0,cod,Mobiles & Tablets,complete
ORD0000385,386,267,2024-02-18 03:00:00,960.29,3,2880.87,0.0,jazzwallet,Beauty & Grooming,complete
ORD0000386,387,430,2024-02-18 06:00:00,1147.98,4,4591.92,0.0,Payaxis,Men's Fashion,complete
ORD0000387,388,284,2024-02-18 09:00:00,2136.79,3,6252.26,158.11,jazzwallet,Beauty & Grooming,complete
ORD0000388,389,311,2024-02-18 12:00:00,1018.0,4,4072.0,0.0,cod,Women's Fashion,complete
ORD0000389,390,572,2024-02-18 15:00:00,1479.3,4,5917.2,0.0,jazzwallet,Beauty & Grooming,canceled
ORD0000390,391,388,2024-02-18 18:00:00,730.55,1,730.55,0.0,easypay_voucher,Mobiles & Tablets,complete
ORD0000391,392,395,2024-02-18 21:00:00,1684.24,1,1544.65,139.59,cod,Mobiles & Tablets,complete
ORD0000392,393,564,2024-02-19 00:00:00,1453.6,4,5497.56,316.84,easypay_voucher,Beauty & Grooming,canceled
ORD0000393,394,300,2024-02-19 03:00:00,2099.31,1,2099.31,0.0,Payaxis,Beauty & Grooming,canceled
ORD0000394,395,576,2024-02-19 06:00:00,1872.62,1,1094.04,778.58,cod,Women's Fashion,complete
ORD0000395,396,503,2024-02-19 09:00:00,1705.39,4,6292.11,529.45,cod,Mobiles & Tablets,complete
ORD0000396,397,618,2024-02-19 12:00:00,1018.6,1,1018.6,0.0,Payaxis,Beauty & Grooming,canceled
ORD0000397,398,321,2024-02-19 15:00:00,1317.78,1,1317.78,0.0,cod,Men's Fashion,canceled
ORD0000398,399,391,2024-02-19 18:00:00,2434.83,1,2234.14,200.69,cod,Beauty & Grooming,canceled
ORD0000399,400,90,2024-02-19 21:00:00,672.46,2,1344.92,0.0,cod,Beauty & Grooming,canceled
ORD0000400,401,78,2024-02-20 00:00:00,684.5,3,2053.5,0.0,cod,Beauty & Grooming,complete
ORD0000401,402,76,2024-02-20 03:00:00,1256.49,3,3769.47,0.0,jazzwallet,Appliances,complete
ORD0000402,403,443,2024-02-20 06:00:00,1497.36,4,5615.08,374.36,Payaxis,Appliances,complete
ORD0000403,404,228,2024-02-20 09:00:00,591.06,3,1569.02,204.16,cod,Women's Fashion,canceled
ORD0000404,405,202,2024-02-20 12:00:00,1036.83,4,4147.32,0.0,jazzwallet,Mobiles & Tablets,complete
ORD0000405,406,422,2024-02-20 15:00:00,1021.98,1,563.37,458.61,jazzwallet,Men's Fashion,complete
ORD0000406,407,279,2024-02-20 18:00:00,208.21,2,416.42,0.0,cod,Appliances,complete
ORD0000407,408,95,2024-02-20 21:00:00,930.11,2,1192.26,667.96,Payaxis,Beauty & Grooming,complete
ORD0000408,409,390,2024-02-21 00:00:00,974.58,1,974.58,0.0,cod,Women's Fashion,complete
ORD0000409,410,385,2024-02-21 03:00:00,972.41,4,3889.64,0.0,jazzwallet,Appliances,complete
ORD0000410,411,98,2024-02-21 06:00:00,3171.42,1,3171.42,0.0,Payaxis,Mobiles & Tablets,canceled
ORD0000411,412,189,2024-02-21 09:00:00,440.61,2,881.22,0.0,easypay_voucher,Women's Fashion,complete
ORD0000412,413,166,2024-02-21 12:00:00,590.83,2,1181.66,0.0,cod,Women's Fashion,complete
ORD0000413,414,487,2024-02-21 15:00:00,154.6,1,154.6,0.0,jazzwallet,Beauty & Grooming,complete
ORD0000414,415,175,2024-02-21 18:00:00,764.57,4,3058.28,0.0,cod,Men's Fashion,complete
ORD0000415,416,20,2024-02-21 21:00:00,815.06,1,815.06,0.0,cod,Men's Fashion,canceled
ORD0000416,417,187,2024-02-22 00:00:00,748.09,1,748.09,0.0,cod,Men's Fashion,complete
ORD0000417,418,328,2024-02-22 03:00:00,2516.84,2,5033.68,0.0,Payaxis,Mobiles & Tablets,canceled
ORD0000418,419,538,2024-02-22 06:00:00,2091.14,1,2091.14,0.0,cod,Women's Fashion,canceled
ORD0000419,420,37,2024-02-22 09:00:00,1162.57,4,4142.16,508.12,jazzwallet,Appliances,complete
ORD0000420,421,616,2024-02-22 12:00:00,830.51,1,830.51,0.0,easypay_voucher,Beauty & Grooming,complete
ORD0000421,422,232,2024-02-22 15:00:00,2367.62,2,4735.24,0.0,cod,Beauty & Grooming,complete
ORD0000422,423,240,2024-02-22 18:00:00,1080.5,2,2161.0,0.0,cod,Mobiles & Tablets,complete
ORD0000423,424,11,2024-02-22 21:00:00,593.65,1,593.65,0.0,cod,Men's Fashion,canceled
ORD0000424,425,194,2024-02-23 00:00:00,302.72,1,302.72,0.0,easypay_voucher,Men's Fashion,canceled
ORD0000425,426,328,2024-02-23 03:00:00,787.62,3,2362.86,0.0,Payaxis,Men's Fashion,canceled
ORD0000426,427,438,2024-02-23 06:00:00,1931.37,1,1171.3,760.07,cod,Beauty & Grooming,complete
ORD0000427,428,537,2024-02-23 09:00:00,6047.52,1,6047.52,0.0,jazzwallet,Mobiles & Tablets,canceled
ORD0000428,429,366,2024-02-23 12:00:00,1148.5,2,1576.64,720.36,cod,Mobiles & Tablets,canceled
ORD0000429,430,71,2024-02-23 15:00:00,617.69,2,540.33,695.05,Payaxis,Beauty & Grooming,complete
ORD0000430,431,274,2024-02-23 18:00:00,450.91,2,626.49,275.33,jazzwallet,Beauty & Grooming,complete
ORD0000431,432,514,2024-02-23 21:00:00,1658.99,4,6635.96,0.0,Payaxis,Men's Fashion,complete
ORD0000432,433,448,2024-02-24 00:00:00,291.94,2,55.48,528.4,Payaxis,Men's Fashion,canceled
ORD0000433,434,409,2024-02-24 03:00:00,1656.99,3,4970.97,0.0,Payaxis,Women's Fashion,complete
ORD0000434,435,356,2024-02-24 06:00:00,2024.92,4,8099.68,0.0,cod,Women's Fashion,complete
ORD0000435,436,353,2024-02-24 09:00:00,1521.13,1,1521.13,0.0,cod,Beauty & Grooming,canceled
ORD0000436,437,695,2024-02-24 12:00:00,930.06,3,2653.35,136.83,cod,Women's Fashion,complete
ORD0000437,438,420,2024-02-24 15:00:00,1675.23,2,2857.22,493.24,easypay_voucher,Mobiles & Tablets,canceled
ORD0000438,439,418,2024-02-24 18:00:00,1246.64,3,3739.92,0.0,Payaxis,Women's Fashion,complete
ORD0000439,440,235,2024-02-24 21:00:00,611.8,1,611.8,0.0,easypay_voucher,Women's Fashion,complete
ORD0000440,441,343,2024-02-25 00:00:00,4393.18,2,8786.36,0.0,jazzwallet,Women's Fashion,canceled
ORD0000441,442,497,2024-02-25 03:00:00,842.39,1,842.39,0.0,cod,Women's Fashion,complete
ORD0000442,443,600,2024-02-25 06:00:00,1962.19,4,7848.76,0.0,Payaxis,Beauty & Grooming,complete
ORD0000443,444,545,2024-02-25 09:00:00,178.76,3,536.28,0.0,cod,Beauty & Grooming,complete
ORD0000444,445,463,2024-02-25 12:00:00,2856.5,1,2856.5,0.0,cod,Men's Fashion,complete
ORD0000445,446,544,2024-02-25 15:00:00,3299.65,3,9898.95,0.0,Payaxis,Men's Fashion,complete
ORD0000446,447,24,2024-02-25 18:00:00,1121.45,4,4485.8,0.0,jazzwallet,Appliances,canceled
ORD0000447,448,189,2024-02-25 21:00:00,1667.5,3,5002.5,0.0,easypay_voucher,Women's Fashion,canceled
ORD0000448,449,170,2024-02-26 00:00:00,1667.18,2,2599.02,735.34,cod,Women's Fashion,complete
ORD0000449,450,458,2024-02-26 03:00:00,677.16,4,2571.36,137.28,easypay_voucher,Mobiles & Tablets,complete
ORD0000450,451,527,2024-02-26 06:00:00,1652.99,1,1652.99,0.0,cod,Men's Fashion,complete
ORD0000451,452,104,2024-02-26 09:00:00,597.96,1,597.96,0.0,jazzwallet,Appliances,complete
ORD0000452,453,135,2024-02-26 12:00:00,694.67,1,219.04,475.63,Payaxis,Beauty & Grooming,complete
ORD0000453,454,347,2024-02-26 15:00:00,2553.47,4,10213.88,0.0,cod,Appliances,complete
ORD0000454,455,677,2024-02-26 18:00:00,2277.86,3,6108.41,725.17,cod,Men's Fashion,complete
ORD0000455,456,2,2024-02-26 21:00:00,645.62,3,1337.32,599.54,cod,Mobiles & Tablets,complete
ORD0000456,457,615,2024-02-27 00:00:00,632.59,3,1897.77,0.0,jazzwallet,Mobiles & Tablets,complete
ORD0000457,458,136,2024-02-27 03:00:00,675.74,2,1351.48,0.0,cod,Men's Fashion,complete
ORD0000458,459,188,2024-02-27 06:00:00,1899.75,1,1182.87,716.88,Payaxis,Women's Fashion,complete
ORD0000459,460,442,2024-02-27 09:00:00,518.02,4,2072.08,0.0,easypay_voucher,Beauty & Grooming,complete
ORD0000460,461,510,2024-02-27 12:00:00,1433.01,4,5732.04,0.0,easypay_voucher,Beauty & Grooming,complete
ORD0000461,462,612,2024-02-27 15:00:00,1920.1,1,1920.1,0.0,cod,Mobiles & Tablets,canceled
ORD0000462,463,4,2024-02-27 18:00:00,1026.4,1,1026.4,0.0,jazzwallet,Appliances,complete
ORD0000463,464,35,2024-02-27 21:00:00,2339.16,3,7017.48,0.0,cod,Men's Fashion,canceled
ORD0000464,465,335,2024-02-28 00:00:00,872.85,1,872.85,0.0,easypay_voucher,Mobiles & Tablets,complete
ORD0000465,466,391,2024-02-28 03:00:00,934.12,3,2802.36,0.0,Payaxis,Women's Fashion,canceled
ORD0000466,467,183,2024-02-28 06:00:00,526.93,4,2107.72,0.0,easypay_voucher,Mobiles & Tablets,complete
ORD0000467,468,446,2024-02-28 09:00:00,2351.67,2,4129.68,573.66,jazzwallet,Men's Fashion,complete
ORD0000468,469,186,2024-02-28 12:00:00,617.15,2,1108.64,125.66,cod,Women's Fashion,complete
ORD0000469,470,652,2024-02-28 15:00:00,1425.57,4,5702.28,0.0,easypay_voucher,Men's Fashion,canceled
ORD0000470,471,125,2024-02-28 18:00:00,1039.52,2,2079.04,0.0,cod,Women's Fashion,complete
ORD0000471,472,458,2024-02-28 21:00:00,497.91,1,497.91,0.0,cod,Women's Fashion,canceled
ORD0000472,473,371,2024-02-29 00:00:00,694.49,1,279.68,414.81,cod,Appliances,canceled
ORD0000473,474,73,2024-02-29 03:00:00,3093.8,4,12375.2,0.0,cod,Mobiles & Tablets,canceled
ORD0000474,475,423,2024-02-29 06:00:00,1275.69,4,4362.5,740.26,cod,Mobiles & Tablets,complete
ORD0000475,476,103,2024-02-29 09:00:00,514.47,1,514.47,0.0,cod,Women's Fashion,complete
ORD0000476,477,378,2024-02-29 12:00:00,1378.84,4,5515.36,0.0,cod,Men's Fashion,complete
ORD0000477,478,445,2024-02-29 15:00:00,982.81,1,982.81,0.0,easypay_voucher,Appliances,complete
ORD0000478,479,51,2024-02-29 18:00:00,14625.69,1,14625.69,0.0,easypay_voucher,Mobiles & Tablets,complete
ORD0000479,480,151,2024-02-29 21:00:00,1358.1,2,2041.94,674.26,cod,Women's Fashion,complete
ORD0000480,481,207,2024-03-01 00:00:00,824.3,2,1648.6,0.0,cod,Beauty & Grooming,canceled
ORD0000481,482,649,2024-03-01 03:00:00,3181.22,4,12724.88,0.0,cod,Mobiles & Tablets,canceled
ORD0000482,483,155,2024-03-01 06:00:00,275.68,3,827.04,0.0,easypay_voucher,Men's Fashion,canceled
ORD0000483,484,644,2024-03-01 09:00:00,1177.02,1,1177.02,0.0,cod,Beauty & Grooming,complete
ORD0000484,485,374,2024-03-01 12:00:00,4894.27,3,14682.81,0.0,cod,Women's Fashion,complete
ORD0000485,486,664,2024-03-01 15:00:00,1005.11,4,4020.44,0.0,cod,Mobiles & Tablets,complete
ORD0000486,487,582,2024-03-01 18:00:00,298.87,3,896.61,0.0,cod,Men's Fashion,complete
ORD0000487,488,205,2024-03-01 21:00:00,814.9,1,814.9,0.0,cod,Appliances,canceled
ORD0000488,489,392,2024-03-02 00:00:00,3264.59,1,3264.59,0.0,easypay_voucher,Beauty & Grooming,complete
ORD0000489,490,502,2024-03-02 03:00:00,1453.97,2,2907.94,0.0,easypay_voucher,Men's Fashion,complete
ORD0000490,491,55,2024-03-02 06:00:00,584.56,2,1169.12,0.0,Payaxis,Women's Fashion,complete
ORD0000491,492,464,2024-03-02 09:00:00,655.94,2,1253.43,58.45,easypay_voucher,Appliances,complete
ORD0000492,493,322,2024-03-02 12:00:00,720.7,1,720.7,0.0,easypay_voucher,Mobiles & Tablets,complete
ORD0000493,494,25,2024-03-02 15:00:00,1437.84,1,1437.84,0.0,cod,Men's Fashion,canceled
ORD0000494,495,607,2024-03-02 18:00:00,2991.85,3,8975.55,0.0,Payaxis,Appliances,canceled
ORD0000495,496,186,2024-03-02 21:00:00,2414.67,4,9243.81,414.87,easypay_voucher,Mobiles & Tablets,canceled
ORD0000496,497,612,2024-03-03 00:00:00,1543.81,3,4631.43,0.0,cod,Appliances,complete
ORD0000497,498,145,2024-03-03 03:00:00,403.94,2,807.88,0.0,easypay_voucher,Women's Fashion,complete
ORD0000498,499,379,2024-03-03 06:00:00,405.07,4,1620.28,0.0,cod,Beauty & Grooming,complete
ORD0000499,500,260,2024-03-03 09:00:00,1635.88,3,4563.14,344.5,easypay_voucher,Mobiles & Tablets,canceled
ORD0000500,501,625,2024-03-03 12:00:00,399.77,3,1059.78,139.53,Payaxis,Beauty & Grooming,complete
ORD0000501,502,667,2024-03-03 15:00:00,925.95,3,2777.85,0.0,jazzwallet,Men's Fashion,complete
ORD0000502,503,539,2024-03-03 18:00:00,1377.62,4,5250.74,259.74,jazzwallet,Mobiles & Tablets,complete
ORD0000503,504,592,2024-03-03 21:00:00,467.22,3,1401.66,0.0,easypay_voucher,Appliances,complete
ORD0000504,505,538,2024-03-04 00:00:00,508.67,3,1526.01,0.0,easypay_voucher,Women's Fashion,complete
ORD0000505,506,206,2024-03-04 03:00:00,1021.89,3,3065.67,0.0,Payaxis,Beauty & Grooming,complete
ORD0000506,507,644,2024-03-04 06:00:00,1599.97,4,6061.24,338.64,cod,Mobiles & Tablets,complete
ORD0000507,508,371,2024-03-04 09:00:00,2431.2,4,9724.8,0.0,Payaxis,Mobiles & Tablets,complete
ORD0000508,509,241,2024-03-04 12:00:00,1728.99,2,3457.98,0.0,easypay_voucher,Women's Fashion,complete
ORD0000509,510,135,2024-03-04 15:00:00,1158.92,3,3476.76,0.0,cod,Beauty & Grooming,complete
ORD0000510,511,497,2024-03-04 18:00:00,626.63,1,7.68,618.95,cod,Women's Fashion,canceled
ORD0000511,512,194,2024-03-04 21:00:00,491.18,3,1136.67,336.87,jazzwallet,Appliances,canceled
ORD0000512,513,457,2024-03-05 00:00:00,747.58,4,2990.32,0.0,cod,Beauty & Grooming,complete
ORD0000513,514,46,2024-03-05 03:00:00,1491.37,3,4474.11,0.0,cod,Beauty & Grooming,canceled
ORD0000514,515,444,2024-03-05 06:00:00,1411.58,2,2201.84,621.32,cod,Women's Fashion,canceled
ORD0000515,516,450,2024-03-05 09:00:00,227.03,3,681.09,0.0,cod,Appliances,complete
ORD0000516,517,367,2024-03-05 12:00:00,608.35,2,809.32,407.38,cod,Women's Fashion,canceled
ORD0000517,518,460,2024-03-05 15:00:00,2706.42,2,5412.84,0.0,Payaxis,Appliances,canceled
ORD0000518,519,695,2024-03-05 18:00:00,1163.76,1,818.85,344.91,cod,Women's Fashion,canceled
ORD0000519,520,587,2024-03-05 21:00:00,378.89,3,1136.67,0.0,Payaxis,Women's Fashion,canceled
ORD0000520,521,308,2024-03-06 00:00:00,6418.03,1,6418.03,0.0,jazzwallet,Women's Fashion,complete
ORD0000521,522,610,2024-03-06 03:00:00,1073.09,2,1368.54,777.64,cod,Appliances,complete
ORD0000522,523,668,2024-03-06 06:00:00,1463.01,4,5852.04,0.0,cod,Appliances,canceled
ORD0000523,524,112,2024-03-06 09:00:00,1479.77,4,5460.26,458.82,easypay_voucher,Beauty & Grooming,complete
ORD0000524,525,251,2024-03-06 12:00:00,832.39,2,1614.19,50.59,cod,Appliances,complete
ORD0000525,526,520,2024-03-06 15:00:00,635.44,4,1895.43,646.33,cod,Mobiles & Tablets,canceled
ORD0000526,527,360,2024-03-06 18:00:00,5384.37,1,4891.32,493.05,jazzwallet,Women's Fashion,complete
ORD0000527,528,95,2024-03-06 21:00:00,2327.16,4,9308.64,0.0,jazzwallet,Men's Fashion,complete
ORD0000528,529,331,2024-03-07 00:00:00,2031.34,2,3420.89,641.79,Payaxis,Mobiles & Tablets,complete
ORD0000529,530,262,2024-03-07 03:00:00,1689.55,4,6758.2,0.0,cod,Mobiles & Tablets,canceled
ORD0000530,531,517,2024-03-07 06:00:00,516.73,4,1884.69,182.23,Payaxis,Women's Fashion,canceled
ORD0000531,532,361,2024-03-07 09:00:00,2858.77,3,8576.31,0.0,Payaxis,Beauty & Grooming,complete
ORD0000532,533,98,2024-03-07 12:00:00,582.69,3,1748.07,0.0,cod,Women's Fashion,complete
ORD0000533,534,35,2024-03-07 15:00:00,1356.23,3,4068.69,0.0,easypay_voucher,Women's Fashion,complete
ORD0000534,535,201,2024-03-07 18:00:00,320.68,1,0.0,584.77,cod,Mobiles & Tablets,canceled
ORD0000535,536,110,2024-03-07 21:00:00,237.31,1,0.0,608.25,cod,Appliances,complete
ORD0000536,537,613,2024-03-08 00:00:00,1392.31,2,2784.62,0.0,easypay_voucher,Mobiles & Tablets,complete
ORD0000537,538,190,2024-03-08 03:00:00,597.75,2,1195.5,0.0,cod,Beauty & Grooming,canceled
ORD0000538,539,444,2024-03-08 06:00:00,246.69,3,740.07,0.0,cod,Beauty & Grooming,complete
ORD0000539,540,90,2024-03-08 09:00:00,1644.94,2,3194.97,94.91,Payaxis,Beauty & Grooming,complete
ORD0000540,541,309,2024-03-08 12:00:00,5377.94,3,15835.13,298.69,jazzwallet,Men's Fashion,canceled
ORD0000541,542,653,2024-03-08 15:00:00,3109.35,1,3109.35,0.0,easypay_voucher,Mobiles & Tablets,complete
ORD0000542,543,450,2024-03-08 18:00:00,904.16,1,904.16,0.0,Payaxis,Men's Fashion,canceled
ORD0000543,544,202,2024-03-08 21:00:00,1103.93,4,4415.72,0.0,jazzwallet,Appliances,complete
ORD0000544,545,523,2024-03-09 00:00:00,2134.06,4,8372.7,163.54,cod,Men's Fashion,canceled
ORD0000545,546,351,2024-03-09 03:00:00,2544.26,4,10021.48,155.56,cod,Beauty & Grooming,canceled
ORD0000546,547,165,2024-03-09 06:00:00,847.55,2,1695.1,0.0,cod,Mobiles & Tablets,complete
ORD0000547,548,697,2024-03-09 09:00:00,1125.11,3,3375.33,0.0,cod,Mobiles & Tablets,complete
ORD0000548,549,656,2024-03-09 12:00:00,1373.97,3,3654.6,467.31,Payaxis,Men's Fashion,complete
ORD0000549,550,397,2024-03-09 15:00:00,1661.39,2,3322.78,0.0,cod,Appliances,complete
ORD0000550,551,24,2024-03-09 18:00:00,992.47,3,2977.41,0.0,cod,Appliances,complete
ORD0000551,552,288,2024-03-09 21:00:00,1002.18,3,2464.63,541.91,cod,Men's Fashion,complete
ORD0000552,553,360,2024-03-10 00:00:00,3086.75,2,6173.5,0.0,cod,Appliances,complete
ORD0000553,554,650,2024-03-10 03:00:00,2716.61,2,5433.22,0.0,jazzwallet,Appliances,complete
ORD0000554,555,513,2024-03-10 06:00:00,1568.79,2,3137.58,0.0,cod,Women's Fashion,complete
ORD0000555,556,156,2024-03-10 09:00:00,3981.17,4,15924.68,0.0,cod,Women's Fashion,canceled
ORD0000556,557,357,2024-03-10 12:00:00,820.71,4,3282.84,0.0,cod,Mobiles & Tablets,complete
ORD0000557,558,126,2024-03-10 15:00:00,3704.23,4,14354.43,462.49,easypay_voucher,Men's Fashion,canceled
ORD0000558,559,332,2024-03-10 18:00:00,1647.29,4,6589.16,0.0,easypay_voucher,Women's Fashion,canceled
ORD0000559,560,375,2024-03-10 21:00:00,12749.78,2,25499.56,0.0,easypay_voucher,Mobiles & Tablets,canceled
ORD0000560,561,357,2024-03-11 00:00:00,448.38,4,1793.52,0.0,cod,Women's Fashion,canceled
ORD0000561,562,299,2024-03-11 03:00:00,653.92,1,653.92,0.0,cod,Mobiles & Tablets,complete
ORD0000562,563,306,2024-03-11 06:00:00,1501.32,4,6005.28,0.0,jazzwallet,Appliances,complete
ORD0000563,564,558,2024-03-11 09:00:00,1477.23,2,2954.46,0.0,easypay_voucher,Mobiles & Tablets,complete
ORD0000564,565,354,2024-03-11 12:00:00,4734.37,2,9468.74,0.0,easypay_voucher,Mobiles & Tablets,complete
ORD0000565,566,30,2024-03-11 15:00:00,664.29,1,664.29,0.0,Payaxis,Appliances,complete
ORD0000566,567,518,2024-03-11 18:00:00,2161.78,1,2161.78,0.0,Payaxis,Men's Fashion,complete
ORD0000567,568,432,2024-03-11 21:00:00,2622.41,2,5244.82,0.0,cod,Men's Fashion,canceled
ORD0000568,569,487,2024-03-12 00:00:00,1860.29,3,5071.98,508.89,cod,Men's Fashion,canceled
ORD0000569,570,497,2024-03-12 03:00:00,533.39,1,533.39,0.0,easypay_voucher,Men's Fashion,complete
ORD0000570,571,122,2024-03-12 06:00:00,3152.08,4,12608.32,0.0,cod,Appliances,complete
ORD0000571,572,680,2024-03-12 09:00:00,2757.26,1,2043.03,714.23,jazzwallet,Appliances,complete
ORD0000572,573,693,2024-03-12 12:00:00,1719.33,4,6877.32,0.0,easypay_voucher,Men's Fashion,complete
ORD0000573,574,102,2024-03-12 15:00:00,1278.27,2,2309.03,247.51,Payaxis,Appliances,canceled
ORD0000574,575,154,2024-03-12 18:00:00,1299.3,2,2040.16,558.44,jazzwallet,Appliances,complete
ORD0000575,576,173,2024-03-12 21:00:00,1033.75,1,367.05,666.7,easypay_voucher,Women's Fashion,complete
ORD0000576,577,676,2024-03-13 00:00:00,1773.28,4,6464.22,628.9,jazzwallet,Women's Fashion,complete
ORD0000577,578,652,2024-03-13 03:00:00,1122.54,3,2585.98,781.64,easypay_voucher,Beauty & Grooming,complete
ORD0000578,579,186,2024-03-13 06:00:00,580.34,1,580.34,0.0,jazzwallet,Women's Fashion,complete
ORD0000579,580,441,2024-03-13 09:00:00,499.47,1,499.47,0.0,cod,Men's Fashion,canceled
ORD0000580,581,171,2024-03-13 12:00:00,623.89,3,1473.33,398.34,easypay_voucher,Women's Fashion,complete
ORD0000581,582,27,2024-03-13 15:00:00,1295.43,4,4528.67,653.05,easypay_voucher,Beauty & Grooming,canceled
ORD0000582,583,161,2024-03-13 18:00:00,1074.69,1,1074.69,0.0,cod,Appliances,canceled
ORD0000583,584,55,2024-03-13 21:00:00,1288.85,1,1103.72,185.13,cod,Mobiles & Tablets,complete
ORD0000584,585,593,2024-03-14 00:00:00,1596.57,3,4789.71,0.0,jazzwallet,Women's Fashion,canceled
ORD0000585,586,550,2024-03-14 03:00:00,685.06,1,685.06,0.0,easypay_voucher,Appliances,complete
ORD0000586,587,129,2024-03-14 06:00:00,3291.98,2,6583.96,0.0,cod,Men's Fashion,complete
ORD0000587,588,397,2024-03-14 09:00:00,897.14,1,897.14,0.0,cod,Beauty & Grooming,complete
ORD0000588,589,144,2024-03-14 12:00:00,792.29,2,1584.58,0.0,cod,Beauty & Grooming,complete
ORD0000589,590,396,2024-03-14 15:00:00,1574.65,3,4723.95,0.0,cod,Beauty & Grooming,complete
ORD0000590,591,627,2024-03-14 18:00:00,276.61,2,553.22,0.0,jazzwallet,Mobiles & Tablets,complete
ORD0000591,592,616,2024-03-14 21:00:00,606.13,2,604.8,607.46,cod,Women's Fashion,complete
ORD0000592,593,583,2024-03-15 00:00:00,2288.85,2,4212.9,364.8,cod,Women's Fashion,canceled
ORD0000593,594,169,2024-03-15 03:00:00,297.95,3,511.43,382.42,easypay_voucher,Appliances,complete
ORD0000594,595,134,2024-03-15 06:00:00,2535.59,1,2535.59,0.0,cod,Beauty & Grooming,canceled
ORD0000595,596,113,2024-03-15 09:00:00,3406.2,1,3406.2,0.0,cod,Men's Fashion,canceled
ORD0000596,597,89,2024-03-15 12:00:00,831.23,1,37.38,793.85,Payaxis,Women's Fashion,canceled
ORD0000597,598,430,2024-03-15 15:00:00,1364.93,4,4837.38,622.34,easypay_voucher,Appliances,complete
ORD0000598,599,461,2024-03-15 18:00:00,2538.47,3,7615.41,0.0,jazzwallet,Appliances,canceled
ORD0000599,600,617,2024-03-15 21:00:00,772.71,1,772.71,0.0,easypay_voucher,Appliances,complete
ORD0000600,601,64,2024-03-16 00:00:00,2102.39,2,4204.78,0.0,cod,Men's Fashion,complete
ORD0000601,602,186,2024-03-16 03:00:00,662.91,2,1325.82,0.0,Payaxis,Beauty & Grooming,complete
ORD0000602,603,509,2024-03-16 06:00:00,766.47,1,622.61,143.86,jazzwallet,Mobiles & Tablets,complete
ORD0000603,604,477,2024-03-16 09:00:00,602.14,4,2408.56,0.0,Payaxis,Women's Fashion,canceled
ORD0000604,605,299,2024-03-16 12:00:00,1417.98,4,5671.92,0.0,jazzwallet,Appliances,complete
ORD0000605,606,107,2024-03-16 15:00:00,2613.58,1,2613.58,0.0,Payaxis,Mobiles & Tablets,complete
ORD0000606,607,339,2024-03-16 18:00:00,955.19,1,955.19,0.0,jazzwallet,Women's Fashion,complete
ORD0000607,608,121,2024-03-16 21:00:00,422.66,2,845.32,0.0,cod,Women's Fashion,complete
ORD0000608,609,375,2024-03-17 00:00:00,486.86,3,701.49,759.09,Payaxis,Appliances,canceled
ORD0000609,610,631,2024-03-17 03:00:00,1474.32,4,5897.28,0.0,cod,Mobiles & Tablets,complete
ORD0000610,611,137,2024-03-17 06:00:00,4372.49,2,8744.98,0.0,easypay_voucher,Men's Fashion,canceled
ORD0000611,612,83,2024-03-17 09:00:00,1473.35,2,2946.7,0.0,easypay_voucher,Men's Fashion,canceled
ORD0000612,613,516,2024-03-17 12:00:00,820.43,1,820.43,0.0,jazzwallet,Appliances,complete
ORD0000613,614,18,2024-03-17 15:00:00,1948.15,1,1948.15,0.0,jazzwallet,Men's Fashion,complete
ORD0000614,615,688,2024-03-17 18:00:00,916.33,1,517.27,399.06,cod,Women's Fashion,canceled
ORD0000615,616,542,2024-03-17 21:00:00,825.75,2,1651.5,0.0,Payaxis,Appliances,complete
ORD0000616,617,282,2024-03-18 00:00:00,534.41,3,1603.23,0.0,Payaxis,Appliances,complete
ORD0000617,618,254,2024-03-18 03:00:00,3153.72,1,2475.11,678.61,cod,Mobiles & Tablets,complete
ORD0000618,619,271,2024-03-18 06:00:00,163.3,1,163.3,0.0,cod,Beauty & Grooming,canceled
ORD0000619,620,278,2024-03-18 09:00:00,1994.99,4,7979.96,0.0,cod,Mobiles & Tablets,complete
ORD0000620,621,587,2024-03-18 12:00:00,774.48,4,3097.92,0.0,Payaxis,Mobiles & Tablets,canceled
ORD0000621,622,560,2024-03-18 15:00:00,806.13,3,2418.39,0.0,easypay_voucher,Mobiles & Tablets,complete
ORD0000622,623,144,2024-03-18 18:00:00,3901.97,3,11705.91,0.0,jazzwallet,Men's Fashion,complete
ORD0000623,624,126,2024-03-18 21:00:00,641.88,3,1925.64,0.0,cod,Beauty & Grooming,complete
ORD0000624,625,378,2024-03-19 00:00:00,658.49,2,1316.98,0.0,jazzwallet,Men's Fashion,canceled
ORD0000625,626,455,2024-03-19 03:00:00,994.46,1,994.46,0.0,cod,Appliances,complete
ORD0000626,627,509,2024-03-19 06:00:00,1495.75,2,2936.07,55.43,Payaxis,Women's Fashion,canceled
ORD0000627,628,220,2024-03-19 09:00:00,787.3,3,2361.9,0.0,cod,Mobiles & Tablets,canceled
ORD0000628,629,338,2024-03-19 12:00:00,336.84,3,1010.52,0.0,easypay_voucher,Women's Fashion,complete
ORD0000629,630,73,2024-03-19 15:00:00,572.91,3,1718.73,0.0,Payaxis,Mobiles & Tablets,complete
ORD0000630,631,319,2024-03-19 18:00:00,2866.94,3,8600.82,0.0,jazzwallet,Women's Fashion,complete
ORD0000631,632,481,2024-03-19 21:00:00,1159.89,1,676.01,483.88,Payaxis,Women's Fashion,complete
ORD0000632,633,213,2024-03-20 00:00:00,1538.12,3,4614.36,0.0,cod,Women's Fashion,complete
ORD0000633,634,223,2024-03-20 03:00:00,901.39,4,2927.87,677.69,cod,Men's Fashion,complete
ORD0000634,635,324,2024-03-20 06:00:00,668.73,3,1394.77,611.42,cod,Appliances,complete
ORD0000635,636,606,2024-03-20 09:00:00,3859.05,3,11577.15,0.0,cod,Women's Fashion,complete
ORD0000636,637,423,2024-03-20 12:00:00,952.28,1,838.48,113.8,Payaxis,Men's Fashion,canceled
ORD0000637,638,643,2024-03-20 15:00:00,786.41,4,3145.64,0.0,Payaxis,Women's Fashion,complete
ORD0000638,639,44,2024-03-20 18:00:00,2495.16,2,4845.29,145.03,Payaxis,Mobiles & Tablets,complete
ORD0000639,640,594,2024-03-20 21:00:00,637.93,2,1275.86,0.0,jazzwallet,Beauty & Grooming,canceled
ORD0000640,641,31,2024-03-21 00:00:00,702.01,2,1404.02,0.0,Payaxis,Appliances,complete
ORD0000641,642,226,2024-03-21 03:00:00,1105.09,1,664.84,440.25,Payaxis,Men's Fashion,complete
ORD0000642,643,299,2024-03-21 06:00:00,1096.86,4,4387.44,0.0,cod,Appliances,complete
ORD0000643,644,166,2024-03-21 09:00:00,1332.36,3,3997.08,0.0,cod,Appliances,canceled
ORD0000644,645,692,2024-03-21 12:00:00,5264.55,2,10529.1,0.0,easypay_voucher,Appliances,complete
ORD0000645,646,625,2024-03-21 15:00:00,1411.19,4,5644.76,0.0,jazzwallet,Mobiles & Tablets,complete
ORD0000646,647,400,2024-03-21 18:00:00,184.28,1,184.28,0.0,cod,Beauty & Grooming,complete
ORD0000647,648,317,2024-03-21 21:00:00,1400.7,2,2801.4,0.0,easypay_voucher,Beauty & Grooming,complete
ORD0000648,649,533,2024-03-22 00:00:00,1128.24,3,2892.98,491.74,Payaxis,Beauty & Grooming,complete
ORD0000649,650,495,2024-03-22 03:00:00,1132.96,1,896.35,236.61,cod,Beauty & Grooming,complete
ORD0000650,651,336,2024-03-22 06:00:00,1318.78,3,3956.34,0.0,cod,Beauty & Grooming,canceled
ORD0000651,652,579,2024-03-22 09:00:00,1073.3,4,4293.2,0.0,jazzwallet,Appliances,canceled
ORD0000652,653,135,2024-03-22 12:00:00,1054.2,3,3162.6,0.0,Payaxis,Mobiles & Tablets,complete
ORD0000653,654,195,2024-03-22 15:00:00,1736.77,1,1736.77,0.0,cod,Women's Fashion,complete
ORD0000654,655,13,2024-03-22 18:00:00,730.29,3,2052.11,138.76,jazzwallet,Men's Fashion,complete
ORD0000655,656,84,2024-03-22 21:00:00,538.74,2,1077.48,0.0,cod,Men's Fashion,canceled
ORD0000656,657,139,2024-03-23 00:00:00,10591.81,3,31747.66,27.77,jazzwallet,Beauty & Grooming,canceled
ORD0000657,658,437,2024-03-23 03:00:00,641.05,3,1923.15,0.0,cod,Beauty & Grooming,canceled
ORD0000658,659,599,2024-03-23 06:00:00,1182.17,1,392.87,789.3,easypay_voucher,Women's Fashion,complete
ORD0000659,660,413,2024-03-23 09:00:00,357.19,1,0.0,798.82,cod,Appliances,complete
ORD0000660,661,312,2024-03-23 12:00:00,1196.73,1,1196.73,0.0,cod,Mobiles & Tablets,complete
ORD0000661,662,189,2024-03-23 15:00:00,544.62,1,55.13,489.49,jazzwallet,Men's Fashion,complete
ORD0000662,663,71,2024-03-23 18:00:00,786.93,2,1573.86,0.0,cod,Beauty & Grooming,canceled
ORD0000663,664,409,2024-03-23 21:00:00,2401.38,1,2401.38,0.0,cod,Women's Fashion,complete
ORD0000664,665,99,2024-03-24 00:00:00,1562.44,4,5834.32,415.44,cod,Women's Fashion,complete
ORD0000665,666,553,2024-03-24 03:00:00,1679.59,4,6690.13,28.23,Payaxis,Women's Fashion,complete
ORD0000666,667,286,2024-03-24 06:00:00,290.5,1,290.5,0.0,Payaxis,Men's Fashion,complete
ORD0000667,668,245,2024-03-24 09:00:00,4348.87,2,8697.74,0.0,jazzwallet,Beauty & Grooming,canceled
ORD0000668,669,19,2024-03-24 12:00:00,448.58,3,1345.74,0.0,cod,Appliances,complete
ORD0000669,670,170,2024-03-24 15:00:00,3451.0,3,9982.23,370.77,cod,Appliances,complete
ORD0000670,671,10,2024-03-24 18:00:00,2359.39,3,7078.17,0.0,cod,Men's Fashion,canceled
ORD0000671,672,507,2024-03-24 21:00:00,1690.87,4,6763.48,0.0,easypay_voucher,Appliances,complete
ORD0000672,673,343,2024-03-25 00:00:00,577.53,3,1732.59,0.0,jazzwallet,Beauty & Grooming,complete
ORD0000673,674,550,2024-03-25 03:00:00,1228.68,3,3686.04,0.0,Payaxis,Appliances,canceled
ORD0000674,675,396,2024-03-25 06:00:00,770.32,3,1558.09,752.87,easypay_voucher,Women's Fashion,complete
ORD0000675,676,668,2024-03-25 09:00:00,1120.78,3,3362.34,0.0,cod,Men's Fashion,complete
ORD0000676,677,548,2024-03-25 12:00:00,909.23,2,1818.46,0.0,jazzwallet,Women's Fashion,complete
ORD0000677,678,104,2024-03-25 15:00:00,237.71,3,713.13,0.0,easypay_voucher,Men's Fashion,complete
ORD0000678,679,82,2024-03-25 18:00:00,2543.61,4,10174.44,0.0,cod,Appliances,canceled
ORD0000679,680,622,2024-03-25 21:00:00,1031.91,2,1650.63,413.19,cod,Mobiles & Tablets,complete
ORD0000680,681,189,2024-03-26 00:00:00,762.35,1,364.9,397.45,cod,Mobiles & Tablets,complete
ORD0000681,682,535,2024-03-26 03:00:00,720.36,3,1492.66,668.42,cod,Appliances,canceled
ORD0000682,683,440,2024-03-26 06:00:00,1434.89,4,5739.56,0.0,cod,Men's Fashion,complete
ORD0000683,684,491,2024-03-26 09:00:00,560.98,4,2116.35,127.57,cod,Women's Fashion,complete
ORD0000684,685,187,2024-03-26 12:00:00,202.07,3,606.21,0.0,easypay_voucher,Women's Fashion,canceled
ORD0000685,686,219,2024-03-26 15:00:00,1488.24,4,5740.8,212.16,cod,Women's Fashion,complete
ORD0000686,687,388,2024-03-26 18:00:00,1618.62,2,3237.24,0.0,cod,Appliances,complete
ORD0000687,688,16,2024-03-26 21:00:00,944.14,2,1888.28,0.0,jazzwallet,Men's Fashion,complete
ORD0000688,689,218,2024-03-27 00:00:00,463.62,2,927.24,0.0,Payaxis,Appliances,complete
ORD0000689,690,355,2024-03-27 03:00:00,1172.28,2,1971.79,372.77,easypay_voucher,Men's Fashion,complete
ORD0000690,691,143,2024-03-27 06:00:00,365.62,3,1096.86,0.0,cod,Men's Fashion,complete
ORD0000691,692,200,2024-03-27 09:00:00,507.54,4,1642.16,388.0,jazzwallet,Women's Fashion,canceled
ORD0000692,693,688,2024-03-27 12:00:00,624.52,2,1249.04,0.0,cod,Beauty & Grooming,complete
ORD0000693,694,203,2024-03-27 15:00:00,2065.14,1,2065.14,0.0,cod,Men's Fashion,complete
ORD0000694,695,631,2024-03-27 18:00:00,835.51,4,3342.04,0.0,jazzwallet,Women's Fashion,complete
ORD0000695,696,649,2024-03-27 21:00:00,783.76,4,2586.11,548.93,easypay_voucher,Mobiles & Tablets,complete
ORD0000696,697,472,2024-03-28 00:00:00,4750.57,4,19002.28,0.0,Payaxis,Mobiles & Tablets,complete
ORD0000697,698,107,2024-03-28 03:00:00,1428.45,2,2856.9,0.0,easypay_voucher,Appliances,complete
ORD0000698,699,144,2024-03-28 06:00:00,1414.1,3,4242.3,0.0,easypay_voucher,Appliances,complete
ORD0000699,700,654,2024-03-28 09:00:00,831.08,3,2493.24,0.0,cod,Men's Fashion,complete
ORD0000700,701,2,2024-03-28 12:00:00,701.15,4,2804.6,0.0,cod,Appliances,complete
ORD0000701,702,353,2024-03-28 15:00:00,212.77,4,507.42,343.66,cod,Men's Fashion,canceled
ORD0000702,703,417,2024-03-28 18:00:00,2267.78,4,9071.12,0.0,cod,Men's Fashion,canceled
ORD0000703,704,586,2024-03-28 21:00:00,1534.92,2,2432.91,636.93,jazzwallet,Women's Fashion,complete
ORD0000704,705,626,2024-03-29 00:00:00,958.75,1,958.75,0.0,cod,Men's Fashion,canceled
ORD0000705,706,199,2024-03-29 03:00:00,989.38,1,747.55,241.83,easypay_voucher,Beauty & Grooming,complete
ORD0000706,707,352,2024-03-29 06:00:00,1904.75,4,7619.0,0.0,Payaxis,Women's Fashion,canceled
ORD0000707,708,444,2024-03-29 09:00:00,341.71,4,1366.84,0.0,Payaxis,Men's Fashion,complete
ORD0000708,709,675,2024-03-29 12:00:00,704.57,1,584.95,119.62,cod,Women's Fashion,complete
ORD0000709,710,390,2024-03-29 15:00:00,467.67,2,935.34,0.0,cod,Appliances,complete
ORD0000710,711,86,2024-03-29 18:00:00,4140.75,1,4140.75,0.0,jazzwallet,Men's Fashion,complete
ORD0000711,712,646,2024-03-29 21:00:00,2114.86,2,4229.72,0.0,Payaxis,Beauty & Grooming,complete
ORD0000712,713,359,2024-03-30 00:00:00,210.18,3,630.54,0.0,Payaxis,Women's Fashion,canceled
ORD0000713,714,126,2024-03-30 03:00:00,352.37,3,669.29,387.82,jazzwallet,Appliances,canceled
ORD0000714,715,134,2024-03-30 06:00:00,993.01,2,1986.02,0.0,Payaxis,Beauty & Grooming,canceled
ORD0000715,716,143,2024-03-30 09:00:00,769.45,2,1538.9,0.0,cod,Women's Fashion,canceled
ORD0000716,717,505,2024-03-30 12:00:00,406.15,3,1218.45,0.0,easypay_voucher,Mobiles & Tablets,complete
ORD0000717,718,664,2024-03-30 15:00:00,4715.32,3,14145.96,0.0,cod,Appliances,canceled
ORD0000718,719,309,2024-03-30 18:00:00,1386.32,1,594.84,791.48,easypay_voucher,Mobiles & Tablets,complete
ORD0000719,720,69,2024-03-30 21:00:00,1565.74,1,870.55,695.19,jazzwallet,Women's Fashion,complete
ORD0000720,721,622,2024-03-31 00:00:00,652.62,2,1305.24,0.0,easypay_voucher,Beauty & Grooming,complete
ORD0000721,722,444,2024-03-31 03:00:00,1885.04,2,3770.08,0.0,cod,Women's Fashion,complete
ORD0000722,723,399,2024-03-31 06:00:00,824.42,4,3273.5,24.18,cod,Appliances,complete
ORD0000723,724,43,2024-03-31 09:00:00,886.69,4,3406.43,140.33,jazzwallet,Women's Fashion,complete
ORD0000724,725,679,2024-03-31 12:00:00,1734.11,3,5202.33,0.0,cod,Men's Fashion,complete
ORD0000725,726,54,2024-03-31 15:00:00,323.19,1,323.19,0.0,cod,Men's Fashion,complete
ORD0000726,727,427,2024-03-31 18:00:00,3632.84,1,3632.84,0.0,cod,Women's Fashion,complete
ORD0000727,728,418,2024-03-31 21:00:00,1257.39,2,1739.76,775.02,cod,Mobiles & Tablets,complete
ORD0000728,729,360,2024-04-01 00:00:00,2866.1,3,8598.3,0.0,cod,Women's Fashion,canceled
ORD0000729,730,386,2024-04-01 03:00:00,489.52,3,1468.56,0.0,easypay_voucher,Women's Fashion,complete
ORD0000730,731,279,2024-04-01 06:00:00,548.74,1,548.74,0.0,cod,Beauty & Grooming,complete
ORD0000731,732,401,2024-04-01 09:00:00,458.78,4,1589.98,245.14,cod,Mobiles & Tablets,canceled
ORD0000732,733,255,2024-04-01 12:00:00,1323.09,2,1894.07,752.11,cod,Beauty & Grooming,canceled
ORD0000733,734,332,2024-04-01 15:00:00,1152.27,3,2762.19,694.62,cod,Women's Fashion,canceled
ORD0000734,735,475,2024-04-01 18:00:00,774.09,1,774.09,0.0,cod,Appliances,canceled
ORD0000735,736,519,2024-04-01 21:00:00,512.58,4,2050.32,0.0,Payaxis,Women's Fashion,canceled
ORD0000736,737,108,2024-04-02 00:00:00,424.14,3,796.81,475.61,cod,Men's Fashion,complete
ORD0000737,738,694,2024-04-02 03:00:00,1057.47,1,1057.47,0.0,cod,Beauty & Grooming,complete
ORD0000738,739,68,2024-04-02 06:00:00,773.41,2,1546.82,0.0,cod,Men's Fashion,complete
ORD0000739,740,193,2024-04-02 09:00:00,655.76,2,843.93,467.59,cod,Mobiles & Tablets,complete
ORD0000740,741,243,2024-04-02 12:00:00,3499.3,1,3499.3,0.0,cod,Appliances,canceled
ORD0000741,742,227,2024-04-02 15:00:00,1030.97,4,4123.88,0.0,cod,Appliances,complete
ORD0000742,743,246,2024-04-02 18:00:00,2842.76,4,11371.04,0.0,jazzwallet,Beauty & Grooming,canceled
ORD0000743,744,226,2024-04-02 21:00:00,735.14,4,2940.56,0.0,cod,Women's Fashion,canceled
ORD0000744,745,305,2024-04-03 00:00:00,1317.62,2,2635.24,0.0,easypay_voucher,Mobiles & Tablets,complete
ORD0000745,746,534,2024-04-03 03:00:00,1051.94,3,2687.6,468.22,easypay_voucher,Mobiles & Tablets,complete
ORD0000746,747,579,2024-04-03 06:00:00,306.98,2,372.7,241.26,cod,Women's Fashion,complete
ORD0000747,748,244,2024-04-03 09:00:00,3201.11,2,5840.09,562.13,cod,Men's Fashion,complete
ORD0000748,749,181,2024-04-03 12:00:00,990.92,3,2891.61,81.15,Payaxis,Beauty & Grooming,complete
ORD0000749,750,474,2024-04-03 15:00:00,1919.49,2,3838.98,0.0,jazzwallet,Mobiles & Tablets,complete
ORD0000750,751,42,2024-04-03 18:00:00,623.89,4,2495.56,0.0,cod,Beauty & Grooming,complete
ORD0000751,752,312,2024-04-03 21:00:00,969.1,1,969.1,0.0,cod,Men's Fashion,canceled
ORD0000752,753,154,2024-04-04 00:00:00,572.41,1,360.41,212.0,cod,Mobiles & Tablets,canceled
ORD0000753,754,425,2024-04-04 03:00:00,2771.1,4,11084.4,0.0,cod,Men's Fashion,complete
ORD0000754,755,55,2024-04-04 06:00:00,1385.14,4,4774.75,765.81,Payaxis,Mobiles & Tablets,complete
ORD0000755,756,580,2024-04-04 09:00:00,1444.17,4,5776.68,0.0,cod,Women's Fashion,canceled
ORD0000756,757,189,2024-04-04 12:00:00,3037.04,2,5927.56,146.52,cod,Men's Fashion,canceled
ORD0000757,758,360,2024-04-04 15:00:00,2610.39,2,5220.78,0.0,jazzwallet,Women's Fashion,canceled
ORD0000758,759,400,2024-04-04 18:00:00,1946.93,1,1946.93,0.0,cod,Women's Fashion,complete
ORD0000759,760,333,2024-04-04 21:00:00,377.55,2,235.89,519.21,cod,Mobiles & Tablets,canceled
ORD0000760,761,314,2024-04-05 00:00:00,650.82,3,1952.46,0.0,Payaxis,Mobiles & Tablets,complete
ORD0000761,762,187,2024-04-05 03:00:00,516.5,2,1033.0,0.0,cod,Mobiles & Tablets,canceled
ORD0000762,763,540,2024-04-05 06:00:00,1892.49,2,3784.98,0.0,cod,Mobiles & Tablets,canceled
ORD0000763,764,361,2024-04-05 09:00:00,1246.37,1,1246.37,0.0,cod,Mobiles & Tablets,canceled
ORD0000764,765,151,2024-04-05 12:00:00,386.49,2,164.67,608.31,jazzwallet,Men's Fashion,complete
ORD0000765,766,184,2024-04-05 15:00:00,951.88,3,2855.64,0.0,cod,Women's Fashion,canceled
ORD0000766,767,307,2024-04-05 18:00:00,357.6,3,822.49,250.31,cod,Men's Fashion,complete
ORD0000767,768,590,2024-04-05 21:00:00,1053.77,3,3161.31,0.0,cod,Men's Fashion,complete
ORD0000768,769,672,2024-04-06 00:00:00,316.86,4,1003.72,263.72,cod,Women's Fashion,complete
ORD0000769,770,272,2024-04-06 03:00:00,1630.47,1,1630.47,0.0,easypay_voucher,Women's Fashion,complete
ORD0000770,771,277,2024-04-06 06:00:00,1456.03,2,2912.06,0.0,cod,Men's Fashion,complete
ORD0000771,772,91,2024-04-06 09:00:00,4586.91,3,13191.53,569.2,easypay_voucher,Men's Fashion,canceled
ORD0000772,773,382,2024-04-06 12:00:00,2071.24,2,4142.48,0.0,easypay_voucher,Women's Fashion,complete
ORD0000773,774,168,2024-04-06 15:00:00,798.56,4,3194.24,0.0,jazzwallet,Mobiles & Tablets,complete
ORD0000774,775,573,2024-04-06 18:00:00,2025.46,1,1405.1,620.36,cod,Women's Fashion,complete
ORD0000775,776,374,2024-04-06 21:00:00,384.43,1,384.43,0.0,jazzwallet,Beauty & Grooming,complete
ORD0000776,777,156,2024-04-07 00:00:00,532.8,2,1065.6,0.0,easypay_voucher,Men's Fashion,complete
ORD0000777,778,641,2024-04-07 03:00:00,1407.9,2,2815.8,0.0,cod,Mobiles & Tablets,complete
ORD0000778,779,570,2024-04-07 06:00:00,217.31,4,869.24,0.0,Payaxis,Appliances,canceled
ORD0000779,780,211,2024-04-07 09:00:00,1066.49,2,2132.98,0.0,jazzwallet,Mobiles & Tablets,complete
ORD0000780,781,84,2024-04-07 12:00:00,510.2,2,1020.4,0.0,cod,Mobiles & Tablets,canceled
ORD0000781,782,185,2024-04-07 15:00:00,1183.2,1,1139.42,43.78,jazzwallet,Mobiles & Tablets,complete
ORD0000782,783,264,2024-04-07 18:00:00,488.68,2,337.93,639.43,cod,Beauty & Grooming,complete
ORD0000783,784,285,2024-04-07 21:00:00,1507.47,3,4117.26,405.15,easypay_voucher,Beauty & Grooming,complete
ORD0000784,785,575,2024-04-08 00:00:00,1112.65,3,3337.95,0.0,jazzwallet,Women's Fashion,complete
ORD0000785,786,677,2024-04-08 03:00:00,3134.66,3,9403.98,0.0,cod,Appliances,complete
ORD0000786,787,523,2024-04-08 06:00:00,1102.19,2,2204.38,0.0,Payaxis,Appliances,complete
ORD0000787,788,591,2024-04-08 09:00:00,616.17,1,36.51,579.66,cod,Appliances,complete
ORD0000788,789,88,2024-04-08 12:00:00,911.27,1,911.27,0.0,Payaxis,Women's Fashion,complete
ORD0000789,790,105,2024-04-08 15:00:00,400.14,1,400.14,0.0,easypay_voucher,Beauty & Grooming,complete
ORD0000790,791,635,2024-04-08 18:00:00,1487.13,3,4461.39,0.0,cod,Appliances,canceled
ORD0000791,792,430,2024-04-08 21:00:00,1706.82,4,6278.21,549.07,cod,Mobiles & Tablets,complete
ORD0000792,793,165,2024-04-09 00:00:00,6987.63,4,27950.52,0.0,cod,Men's Fashion,complete
ORD0000793,794,554,2024-04-09 03:00:00,687.89,2,981.38,394.4,cod,Beauty & Grooming,complete
ORD0000794,795,123,2024-04-09 06:00:00,897.09,1,584.27,312.82,cod,Women's Fashion,canceled
ORD0000795,796,537,2024-04-09 09:00:00,712.07,3,2136.21,0.0,cod,Men's Fashion,canceled
ORD0000796,797,618,2024-04-09 12:00:00,1285.73,1,1285.73,0.0,cod,Beauty & Grooming,canceled
ORD0000797,798,342,2024-04-09 15:00:00,1460.11,3,4380.33,0.0,cod,Appliances,canceled
ORD0000798,799,459,2024-04-09 18:00:00,1053.6,2,2107.2,0.0,Payaxis,Women's Fashion,complete
ORD0000799,800,512,2024-04-09 21:00:00,2476.85,4,9907.4,0.0,Payaxis,Women's Fashion,canceled
ORD0000800,801,616,2024-04-10 00:00:00,690.4,3,2044.61,26.59,Payaxis,Mobiles & Tablets,complete
ORD0000801,802,408,2024-04-10 03:00:00,2297.62,3,6892.86,0.0,cod,Men's Fashion,complete
ORD0000802,803,206,2024-04-10 06:00:00,1642.33,2,2728.65,556.01,jazzwallet,Women's Fashion,complete
ORD0000803,804,141,2024-04-10 09:00:00,1086.78,4,3568.6,778.52,easypay_voucher,Beauty & Grooming,canceled
ORD0000804,805,249,2024-04-10 12:00:00,865.92,3,2597.76,0.0,cod,Men's Fashion,complete
ORD0000805,806,40,2024-04-10 15:00:00,6768.27,3,20304.81,0.0,cod,Mobiles & Tablets,canceled
ORD0000806,807,489,2024-04-10 18:00:00,594.22,2,533.97,654.47,Payaxis,Women's Fashion,complete
ORD0000807,808,259,2024-04-10 21:00:00,1371.21,2,2742.42,0.0,cod,Beauty & Grooming,complete
ORD0000808,809,498,2024-04-11 00:00:00,624.74,4,2498.96,0.0,easypay_voucher,Women's Fashion,complete
ORD0000809,810,44,2024-04-11 03:00:00,4184.81,2,8369.62,0.0,jazzwallet,Men's Fashion,canceled
ORD0000810,811,225,2024-04-11 06:00:00,2132.65,1,2132.65,0.0,cod,Appliances,complete
ORD0000811,812,277,2024-04-11 09:00:00,659.34,2,1318.68,0.0,cod,Appliances,complete
ORD0000812,813,62,2024-04-11 12:00:00,1610.74,2,3221.48,0.0,jazzwallet,Men's Fashion,complete
ORD0000813,814,580,2024-04-11 15:00:00,1330.45,2,2660.9,0.0,easypay_voucher,Beauty & Grooming,complete
ORD0000814,815,418,2024-04-11 18:00:00,744.36,1,744.36,0.0,cod,Women's Fashion,canceled
ORD0000815,816,591,2024-04-11 21:00:00,1936.47,1,1936.47,0.0,jazzwallet,Mobiles & Tablets,canceled
ORD0000816,817,561,2024-04-12 00:00:00,1468.47,2,2323.07,613.87,jazzwallet,Women's Fashion,complete
ORD0000817,818,24,2024-04-12 03:00:00,1289.2,2,1889.31,689.09,easypay_voucher,Beauty & Grooming,complete
ORD0000818,819,605,2024-04-12 06:00:00,1062.69,1,346.7,715.99,easypay_voucher,Men's Fashion,canceled
ORD0000819,820,49,2024-04-12 09:00:00,1515.18,2,3030.36,0.0,cod,Women's Fashion,complete
ORD0000820,821,609,2024-04-12 12:00:00,1302.5,2,2605.0,0.0,cod,Appliances,complete
ORD0000821,822,469,2024-04-12 15:00:00,1146.33,1,1146.33,0.0,easypay_voucher,Appliances,complete
ORD0000822,823,573,2024-04-12 18:00:00,678.06,2,1356.12,0.0,cod,Beauty & Grooming,canceled
ORD0000823,824,350,2024-04-12 21:00:00,3906.22,2,7812.44,0.0,Payaxis,Mobiles & Tablets,complete
ORD0000824,825,112,2024-04-13 00:00:00,498.79,1,498.79,0.0,Payaxis,Women's Fashion,complete
ORD0000825,826,105,2024-04-13 03:00:00,1511.3,4,6045.2,0.0,cod,Women's Fashion,complete
ORD0000826,827,83,2024-04-13 06:00:00,862.49,1,862.49,0.0,easypay_voucher,Mobiles & Tablets,complete
ORD0000827,828,564,2024-04-13 09:00:00,4103.77,3,12311.31,0.0,cod,Appliances,complete
ORD0000828,829,373,2024-04-13 12:00:00,556.9,3,1123.86,546.84,jazzwallet,Mobiles & Tablets,canceled
ORD0000829,830,152,2024-04-13 15:00:00,631.79,4,2527.16,0.0,cod,Women's Fashion,complete
ORD0000830,831,88,2024-04-13 18:00:00,529.87,3,1589.61,0.0,easypay_voucher,Men's Fashion,complete
ORD0000831,832,55,2024-04-13 21:00:00,1397.72,3,4193.16,0.0,easypay_voucher,Mobiles & Tablets,complete
ORD0000832,833,181,2024-04-14 00:00:00,391.59,4,1566.36,0.0,cod,Beauty & Grooming,complete
ORD0000833,834,524,2024-04-14 03:00:00,765.94,4,3063.76,0.0,Payaxis,Men's Fashion,complete
ORD0000834,835,624,2024-04-14 06:00:00,218.27,1,218.27,0.0,Payaxis,Men's Fashion,complete
ORD0000835,836,426,2024-04-14 09:00:00,1313.32,4,5003.35,249.93,easypay_voucher,Beauty & Grooming,canceled
ORD0000836,837,696,2024-04-14 12:00:00,753.58,2,1507.16,0.0,Payaxis,Beauty & Grooming,complete
ORD0000837,838,276,2024-04-14 15:00:00,359.23,1,359.23,0.0,jazzwallet,Mobiles & Tablets,complete
ORD0000838,839,233,2024-04-14 18:00:00,2475.52,3,7426.56,0.0,cod,Men's Fashion,canceled
ORD0000839,840,485,2024-04-14 21:00:00,411.27,4,1645.08,0.0,easypay_voucher,Appliances,canceled
ORD0000840,841,95,2024-04-15 00:00:00,1993.62,1,1451.6,542.02,cod,Appliances,complete
ORD0000841,842,638,2024-04-15 03:00:00,648.21,1,648.21,0.0,Payaxis,Beauty & Grooming,complete
ORD0000842,843,546,2024-04-15 06:00:00,3645.24,4,14580.96,0.0,easypay_voucher,Women's Fashion,canceled
ORD0000843,844,24,2024-04-15 09:00:00,1924.0,3,5772.0,0.0,cod,Mobiles & Tablets,canceled
ORD0000844,845,131,2024-04-15 12:00:00,514.9,1,514.9,0.0,cod,Beauty & Grooming,complete
ORD0000845,846,439,2024-04-15 15:00:00,551.25,4,2205.0,0.0,jazzwallet,Mobiles & Tablets,complete
ORD0000846,847,517,2024-04-15 18:00:00,1727.0,2,3454.0,0.0,cod,Mobiles & Tablets,complete
ORD0000847,848,153,2024-04-15 21:00:00,900.74,2,1279.7,521.78,Payaxis,Appliances,complete
ORD0000848,849,523,2024-04-16 00:00:00,965.84,2,1186.32,745.36,cod,Appliances,canceled
ORD0000849,850,332,2024-04-16 03:00:00,2847.45,3,8542.35,0.0,jazzwallet,Mobiles & Tablets,complete
ORD0000850,851,472,2024-04-16 06:00:00,625.46,1,625.46,0.0,cod,Mobiles & Tablets,canceled
ORD0000851,852,297,2024-04-16 09:00:00,1174.35,2,2348.7,0.0,cod,Women's Fashion,complete
ORD0000852,853,318,2024-04-16 12:00:00,2243.9,2,3845.55,642.25,jazzwallet,Men's Fashion,canceled
ORD0000853,854,273,2024-04-16 15:00:00,2011.91,1,2011.08,0.83,jazzwallet,Appliances,canceled
ORD0000854,855,110,2024-04-16 18:00:00,972.91,4,3470.03,421.61,cod,Women's Fashion,complete
ORD0000855,856,134,2024-04-16 21:00:00,883.0,1,883.0,0.0,cod,Women's Fashion,canceled
ORD0000856,857,118,2024-04-17 00:00:00,297.64,4,1190.56,0.0,Payaxis,Women's Fashion,complete
ORD0000857,858,562,2024-04-17 03:00:00,496.62,1,496.62,0.0,jazzwallet,Men's Fashion,complete
ORD0000858,859,296,2024-04-17 06:00:00,1392.38,2,2548.24,236.52,cod,Men's Fashion,complete
ORD0000859,860,266,2024-04-17 09:00:00,988.9,1,988.9,0.0,easypay_voucher,Appliances,canceled
ORD0000860,861,599,2024-04-17 12:00:00,1160.02,2,2320.04,0.0,Payaxis,Women's Fashion,complete
ORD0000861,862,621,2024-04-17 15:00:00,2390.94,3,6437.38,735.44,Payaxis,Women's Fashion,complete
ORD0000862,863,164,2024-04-17 18:00:00,450.12,1,450.12,0.0,Payaxis,Women's Fashion,canceled
ORD0000863,864,248,2024-04-17 21:00:00,918.61,3,2755.83,0.0,easypay_voucher,Men's Fashion,complete
ORD0000864,865,288,2024-04-18 00:00:00,1263.36,4,4847.16,206.28,cod,Beauty & Grooming,complete
ORD0000865,866,587,2024-04-18 03:00:00,646.7,2,662.36,631.04,jazzwallet,Women's Fashion,complete
ORD0000866,867,470,2024-04-18 06:00:00,3208.66,1,3208.66,0.0,jazzwallet,Appliances,complete
ORD0000867,868,381,2024-04-18 09:00:00,2167.74,3,6503.22,0.0,Payaxis,Beauty & Grooming,complete
ORD0000868,869,165,2024-04-18 12:00:00,1363.21,1,1363.21,0.0,cod,Beauty & Grooming,complete
ORD0000869,870,270,2024-04-18 15:00:00,4211.92,1,4211.92,0.0,cod,Appliances,complete
ORD0000870,871,21,2024-04-18 18:00:00,356.32,2,712.64,0.0,Payaxis,Appliances,canceled
ORD0000871,872,493,2024-04-18 21:00:00,1090.3,2,2180.6,0.0,cod,Women's Fashion,complete
ORD0000872,873,643,2024-04-19 00:00:00,1443.39,1,1443.39,0.0,jazzwallet,Appliances,complete
ORD0000873,874,550,2024-04-19 03:00:00,552.3,4,1474.17,735.03,cod,Men's Fashion,complete
ORD0000874,875,217,2024-04-19 06:00:00,1374.07,3,4122.21,0.0,Payaxis,Appliances,complete
ORD0000875,876,338,2024-04-19 09:00:00,478.22,4,1169.49,743.39,jazzwallet,Mobiles & Tablets,canceled
ORD0000876,877,670,2024-04-19 12:00:00,1840.73,2,3301.93,379.53,cod,Beauty & Grooming,complete
ORD0000877,878,298,2024-04-19 15:00:00,2424.49,2,4848.98,0.0,cod,Men's Fashion,canceled
ORD0000878,879,587,2024-04-19 18:00:00,1345.14,4,5380.56,0.0,easypay_voucher,Appliances,complete
ORD0000879,880,404,2024-04-19 21:00:00,273.25,1,0.0,767.83,easypay_voucher,Mobiles & Tablets,complete
ORD0000880,881,349,2024-04-20 00:00:00,531.08,2,1062.16,0.0,cod,Mobiles & Tablets,canceled
ORD0000881,882,410,2024-04-20 03:00:00,1674.94,4,6699.76,0.0,easypay_voucher,Beauty & Grooming,complete
ORD0000882,883,157,2024-04-20 06:00:00,1114.21,2,1858.5,369.92,jazzwallet,Beauty & Grooming,complete
ORD0000883,884,298,2024-04-20 09:00:00,145.4,4,581.6,0.0,cod,Men's Fashion,complete
ORD0000884,885,213,2024-04-20 12:00:00,2785.33,2,5570.66,0.0,cod,Mobiles & Tablets,complete
ORD0000885,886,530,2024-04-20 15:00:00,1214.99,2,1679.34,750.64,cod,Beauty & Grooming,complete
ORD0000886,887,429,2024-04-20 18:00:00,593.3,4,2082.36,290.84,cod,Beauty & Grooming,complete
ORD0000887,888,280,2024-04-20 21:00:00,2312.81,1,2312.81,0.0,cod,Mobiles & Tablets,canceled
ORD0000888,889,575,2024-04-21 00:00:00,659.74,4,1900.56,738.4,cod,Appliances,canceled
ORD0000889,890,317,2024-04-21 03:00:00,654.36,1,0.0,776.31,Payaxis,Men's Fashion,canceled
ORD0000890,891,667,2024-04-21 06:00:00,1434.78,2,2869.56,0.0,cod,Appliances,canceled
ORD0000891,892,424,2024-04-21 09:00:00,4170.45,3,12511.35,0.0,jazzwallet,Women's Fashion,complete
ORD0000892,893,620,2024-04-21 12:00:00,3705.93,3,11117.79,0.0,cod,Mobiles & Tablets,complete
ORD0000893,894,690,2024-04-21 15:00:00,1436.24,4,5744.96,0.0,cod,Men's Fashion,complete
ORD0000894,895,229,2024-04-21 18:00:00,1551.21,4,6204.84,0.0,Payaxis,Women's Fashion,canceled
ORD0000895,896,183,2024-04-21 21:00:00,1985.5,3,5956.5,0.0,jazzwallet,Appliances,complete
ORD0000896,897,585,2024-04-22 00:00:00,427.2,3,1281.6,0.0,cod,Mobiles & Tablets,complete
ORD0000897,898,163,2024-04-22 03:00:00,1777.76,2,3555.52,0.0,cod,Beauty & Grooming,canceled
ORD0000898,899,526,2024-04-22 06:00:00,632.35,4,2529.4,0.0,cod,Appliances,complete
ORD0000899,900,124,2024-04-22 09:00:00,1392.5,3,4177.5,0.0,easypay_voucher,Beauty & Grooming,canceled
ORD0000900,901,609,2024-04-22 12:00:00,924.64,1,924.64,0.0,cod,Beauty & Grooming,complete
ORD0000901,902,482,2024-04-22 15:00:00,1597.04,4,6388.16,0.0,cod,Mobiles & Tablets,complete
ORD0000902,903,365,2024-04-22 18:00:00,1198.2,2,2396.4,0.0,cod,Mobiles & Tablets,canceled
ORD0000903,904,314,2024-04-22 21:00:00,109.42,2,218.84,0.0,easypay_voucher,Appliances,complete
ORD0000904,905,446,2024-04-23 00:00:00,1254.09,2,2508.18,0.0,jazzwallet,Mobiles & Tablets,complete
ORD0000905,906,272,2024-04-23 03:00:00,1775.1,4,7100.4,0.0,easypay_voucher,Mobiles & Tablets,canceled
ORD0000906,907,279,2024-04-23 06:00:00,1532.18,2,3064.36,0.0,easypay_voucher,Women's Fashion,complete
ORD0000907,908,143,2024-04-23 09:00:00,1015.42,2,1710.77,320.07,cod,Beauty & Grooming,complete
ORD0000908,909,111,2024-04-23 12:00:00,3757.92,1,3271.47,486.45,cod,Appliances,canceled
ORD0000909,910,623,2024-04-23 15:00:00,1385.1,2,2546.84,223.36,cod,Women's Fashion,complete
ORD0000910,911,524,2024-04-23 18:00:00,1522.72,1,1522.72,0.0,Payaxis,Mobiles & Tablets,complete
ORD0000911,912,310,2024-04-23 21:00:00,2400.35,3,7201.05,0.0,jazzwallet,Men's Fashion,canceled
ORD0000912,913,582,2024-04-24 00:00:00,1439.35,4,5332.22,425.18,jazzwallet,Appliances,complete
ORD0000913,914,425,2024-04-24 03:00:00,559.19,2,1118.38,0.0,jazzwallet,Mobiles & Tablets,complete
ORD0000914,915,419,2024-04-24 06:00:00,176.13,4,434.25,270.27,jazzwallet,Women's Fashion,complete
ORD0000915,916,79,2024-04-24 09:00:00,766.75,4,2849.31,217.69,jazzwallet,Mobiles & Tablets,canceled
ORD0000916,917,377,2024-04-24 12:00:00,1940.52,1,1940.52,0.0,cod,Men's Fashion,canceled
ORD0000917,918,76,2024-04-24 15:00:00,841.49,3,2524.47,0.0,cod,Men's Fashion,complete
ORD0000918,919,479,2024-04-24 18:00:00,1999.96,3,5999.88,0.0,cod,Appliances,complete
ORD0000919,920,48,2024-04-24 21:00:00,1226.04,2,2452.08,0.0,easypay_voucher,Beauty & Grooming,complete
ORD0000920,921,360,2024-04-25 00:00:00,2881.45,4,11525.8,0.0,cod,Mobiles & Tablets,complete
ORD0000921,922,257,2024-04-25 03:00:00,878.83,2,958.56,799.1,jazzwallet,Appliances,complete
ORD0000922,923,92,2024-04-25 06:00:00,1557.3,1,1557.3,0.0,easypay_voucher,Appliances,complete
ORD0000923,924,331,2024-04-25 09:00:00,1602.65,3,4807.95,0.0,easypay_voucher,Beauty & Grooming,complete
ORD0000924,925,141,2024-04-25 12:00:00,3381.93,1,2894.58,487.35,cod,Beauty & Grooming,complete
ORD0000925,926,171,2024-04-25 15:00:00,304.91,2,609.82,0.0,cod,Mobiles & Tablets,complete
ORD0000926,927,623,2024-04-25 18:00:00,777.59,3,2332.77,0.0,cod,Appliances,complete
ORD0000927,928,245,2024-04-25 21:00:00,2072.24,3,6216.72,0.0,jazzwallet,Women's Fashion,complete
ORD0000928,929,283,2024-04-26 00:00:00,3496.17,2,6992.34,0.0,easypay_voucher,Mobiles & Tablets,complete
ORD0000929,930,5,2024-04-26 03:00:00,1312.98,2,2625.96,0.0,Payaxis,Men's Fashion,complete
ORD0000930,931,211,2024-04-26 06:00:00,880.48,1,600.73,279.75,cod,Beauty & Grooming,canceled
ORD0000931,932,246,2024-04-26 09:00:00,1934.95,2,3869.9,0.0,cod,Women's Fashion,complete
ORD0000932,933,503,2024-04-26 12:00:00,2103.86,3,6311.58,0.0,cod,Men's Fashion,complete
ORD0000933,934,84,2024-04-26 15:00:00,837.36,3,1784.84,727.24,Payaxis,Men's Fashion,complete
ORD0000934,935,650,2024-04-26 18:00:00,1404.91,2,2167.56,642.26,Payaxis,Beauty & Grooming,canceled
ORD0000935,936,90,2024-04-26 21:00:00,2658.18,1,2658.18,0.0,cod,Men's Fashion,canceled
ORD0000936,937,457,2024-04-27 00:00:00,4527.13,3,12877.97,703.42,jazzwallet,Mobiles & Tablets,canceled
ORD0000937,938,4,2024-04-27 03:00:00,1914.01,3,5742.03,0.0,cod,Women's Fashion,complete
ORD0000938,939,573,2024-04-27 06:00:00,1133.54,1,1133.54,0.0,jazzwallet,Beauty & Grooming,complete
ORD0000939,940,487,2024-04-27 09:00:00,1053.05,3,3063.22,95.93,cod,Mobiles & Tablets,complete
ORD0000940,941,586,2024-04-27 12:00:00,1665.78,1,1665.78,0.0,cod,Men's Fashion,canceled
ORD0000941,942,651,2024-04-27 15:00:00,1005.51,2,1493.03,517.99,jazzwallet,Women's Fashion,complete
ORD0000942,943,583,2024-04-27 18:00:00,1264.24,3,3792.72,0.0,cod,Mobiles & Tablets,canceled
ORD0000943,944,435,2024-04-27 21:00:00,496.01,3,1488.03,0.0,cod,Appliances,complete
ORD0000944,945,587,2024-04-28 00:00:00,2900.95,3,8250.4,452.45,cod,Men's Fashion,canceled
ORD0000945,946,68,2024-04-28 03:00:00,466.32,4,1865.28,0.0,cod,Mobiles & Tablets,complete
ORD0000946,947,452,2024-04-28 06:00:00,793.07,1,793.07,0.0,Payaxis,Men's Fashion,complete
ORD0000947,948,692,2024-04-28 09:00:00,1179.91,4,4719.64,0.0,jazzwallet,Beauty & Grooming,canceled
ORD0000948,949,264,2024-04-28 12:00:00,4881.66,2,9763.32,0.0,jazzwallet,Beauty & Grooming,canceled
ORD0000949,950,682,2024-04-28 15:00:00,798.7,2,1597.4,0.0,cod,Women's Fashion,complete
ORD0000950,951,355,2024-04-28 18:00:00,665.47,4,2661.88,0.0,easypay_voucher,Women's Fashion,canceled
ORD0000951,952,328,2024-04-28 21:00:00,725.52,2,1128.23,322.81,cod,Beauty & Grooming,complete
ORD0000952,953,210,2024-04-29 00:00:00,3805.39,1,3805.39,0.0,cod,Mobiles & Tablets,canceled
ORD0000953,954,76,2024-04-29 03:00:00,133.05,3,0.0,548.97,cod,Appliances,canceled
ORD0000954,955,613,2024-04-29 06:00:00,516.95,3,1550.85,0.0,jazzwallet,Appliances,complete
ORD0000955,956,504,2024-04-29 09:00:00,8505.49,3,25516.47,0.0,jazzwallet,Appliances,complete
ORD0000956,957,280,2024-04-29 12:00:00,1708.14,1,1708.14,0.0,Payaxis,Men's Fashion,complete
ORD0000957,958,673,2024-04-29 15:00:00,478.43,3,1435.29,0.0,easypay_voucher,Appliances,complete
ORD0000958,959,129,2024-04-29 18:00:00,1062.69,1,868.69,194.0,easypay_voucher,Appliances,complete
ORD0000959,960,545,2024-04-29 21:00:00,1153.54,3,3460.62,0.0,easypay_voucher,Beauty & Grooming,canceled
ORD0000960,961,317,2024-04-30 00:00:00,2068.53,3,6205.59,0.0,easypay_voucher,Mobiles & Tablets,complete
ORD0000961,962,437,2024-04-30 03:00:00,4357.38,4,17429.52,0.0,cod,Appliances,canceled
ORD0000962,963,27,2024-04-30 06:00:00,1467.64,4,5870.56,0.0,cod,Beauty & Grooming,complete
ORD0000963,964,427,2024-04-30 09:00:00,731.55,1,0.0,749.39,cod,Men's Fashion,canceled
ORD0000964,965,475,2024-04-30 12:00:00,1978.93,1,1978.93,0.0,jazzwallet,Appliances,complete
ORD0000965,966,684,2024-04-30 15:00:00,649.57,3,1738.17,210.54,easypay_voucher,Mobiles & Tablets,complete
ORD0000966,967,242,2024-04-30 18:00:00,505.22,4,1224.83,796.05,jazzwallet,Appliances,complete
ORD0000967,968,52,2024-04-30 21:00:00,292.97,1,292.97,0.0,cod,Appliances,complete
ORD0000968,969,44,2024-05-01 00:00:00,339.05,2,678.1,0.0,easypay_voucher,Mobiles & Tablets,canceled
ORD0000969,970,105,2024-05-01 03:00:00,559.85,2,390.85,728.85,cod,Mobiles & Tablets,canceled
ORD0000970,971,210,2024-05-01 06:00:00,453.35,2,491.93,414.77,cod,Appliances,complete
ORD0000971,972,581,2024-05-01 09:00:00,1387.04,3,4161.12,0.0,cod,Men's Fashion,complete
ORD0000972,973,137,2024-05-01 12:00:00,446.06,2,449.81,442.31,cod,Women's Fashion,complete
ORD0000973,974,102,2024-05-01 15:00:00,103.78,2,0.0,678.19,jazzwallet,Mobiles & Tablets,complete
ORD0000974,975,23,2024-05-01 18:00:00,501.23,4,1233.19,771.73,cod,Beauty & Grooming,complete
ORD0000975,976,268,2024-05-01 21:00:00,769.78,2,1276.9,262.66,easypay_voucher,Women's Fashion,complete
ORD0000976,977,422,2024-05-02 00:00:00,696.39,1,105.49,590.9,cod,Beauty & Grooming,complete
ORD0000977,978,197,2024-05-02 03:00:00,3427.7,4,13710.8,0.0,cod,Mobiles & Tablets,complete
ORD0000978,979,347,2024-05-02 06:00:00,692.18,2,895.6,488.76,easypay_voucher,Men's Fashion,complete
ORD0000979,980,171,2024-05-02 09:00:00,2123.23,4,8492.92,0.0,cod,Appliances,complete
ORD0000980,981,560,2024-05-02 12:00:00,1081.13,4,4324.52,0.0,jazzwallet,Appliances,complete
ORD0000981,982,18,2024-05-02 15:00:00,1062.38,3,3187.14,0.0,Payaxis,Appliances,canceled
ORD0000982,983,141,2024-05-02 18:00:00,586.08,1,586.08,0.0,Payaxis,Beauty & Grooming,complete
ORD0000983,984,396,2024-05-02 21:00:00,1049.34,4,4197.36,0.0,cod,Beauty & Grooming,complete
ORD0000984,985,589,2024-05-03 00:00:00,617.81,3,1853.43,0.0,cod,Mobiles & Tablets,canceled
ORD0000985,986,281,2024-05-03 03:00:00,1245.78,2,2491.56,0.0,jazzwallet,Men's Fashion,complete
ORD0000986,987,49,2024-05-03 06:00:00,918.57,4,3674.28,0.0,cod,Beauty & Grooming,canceled
ORD0000987,988,386,2024-05-03 09:00:00,539.98,4,2159.92,0.0,cod,Women's Fashion,canceled
ORD0000988,989,190,2024-05-03 12:00:00,2307.5,4,9230.0,0.0,cod,Beauty & Grooming,complete
ORD0000989,990,213,2024-05-03 15:00:00,1510.4,1,919.09,591.31,Payaxis,Women's Fashion,complete
ORD0000990,991,645,2024-05-03 18:00:00,783.64,3,2350.92,0.0,easypay_voucher,Mobiles & Tablets,complete
ORD0000991,992,659,2024-05-03 21:00:00,1223.07,2,2446.14,0.0,Payaxis,Women's Fashion,canceled
ORD0000992,993,181,2024-05-04 00:00:00,1029.81,1,281.08,748.73,Payaxis,Beauty & Grooming,complete
ORD0000993,994,414,2024-05-04 03:00:00,572.1,2,1144.2,0.0,cod,Appliances,canceled
ORD0000994,995,379,2024-05-04 06:00:00,1156.17,1,824.47,331.7,jazzwallet,Mobiles & Tablets,complete
ORD0000995,996,672,2024-05-04 09:00:00,688.31,1,226.91,461.4,cod,Men's Fashion,canceled
ORD0000996,997,662,2024-05-04 12:00:00,539.85,3,1619.55,0.0,easypay_voucher,Beauty & Grooming,complete
ORD0000997,998,245,2024-05-04 15:00:00,324.71,3,749.32,224.81,cod,Beauty & Grooming,canceled
ORD0000998,999,18,2024-05-04 18:00:00,838.02,2,1676.04,0.0,jazzwallet,Appliances,canceled
ORD0000999,1000,2,2024-05-04 21:00:00,1677.78,1,1677.78,0.0,cod,Mobiles & Tablets,complete
ORD0001000,1001,4,2024-05-05 00:00:00,651.32,4,2605.28,0.0,cod,Appliances,complete
ORD0001001,1002,547,2024-05-05 03:00:00,7262.88,3,21788.64,0.0,cod,Beauty & Grooming,complete
ORD0001002,1003,518,2024-05-05 06:00:00,2130.82,3,6392.46,0.0,cod,Appliances,complete
ORD0001003,1004,579,2024-05-05 09:00:00,2916.82,1,2916.82,0.0,cod,Women's Fashion,canceled
ORD0001004,1005,98,2024-05-05 12:00:00,1991.08,1,1991.08,0.0,easypay_voucher,Women's Fashion,canceled
ORD0001005,1006,42,2024-05-05 15:00:00,4401.27,1,4401.27,0.0,cod,Men's Fashion,complete
ORD0001006,1007,120,2024-05-05 18:00:00,607.74,1,607.74,0.0,jazzwallet,Men's Fashion,complete
ORD0001007,1008,438,2024-05-05 21:00:00,160.69,4,642.76,0.0,cod,Appliances,complete
ORD0001008,1009,7,2024-05-06 00:00:00,784.78,2,1569.56,0.0,Payaxis,Mobiles & Tablets,complete
ORD0001009,1010,463,2024-05-06 03:00:00,1666.81,3,5000.43,0.0,cod,Mobiles & Tablets,complete
ORD0001010,1011,622,2024-05-06 06:00:00,1228.61,4,4848.14,66.3,easypay_voucher,Men's Fashion,complete
ORD0001011,1012,102,2024-05-06 09:00:00,1348.31,4,4977.21,416.03,easypay_voucher,Appliances,canceled
ORD0001012,1013,517,2024-05-06 12:00:00,2953.31,2,5906.62,0.0,cod,Appliances,complete
ORD0001013,1014,387,2024-05-06 15:00:00,1460.51,2,2318.63,602.39,jazzwallet,Women's Fashion,complete
ORD0001014,1015,660,2024-05-06 18:00:00,1996.57,2,3993.14,0.0,cod,Women's Fashion,complete
ORD0001015,1016,170,2024-05-06 21:00:00,542.03,1,542.03,0.0,cod,Mobiles & Tablets,complete
ORD0001016,1017,159,2024-05-07 00:00:00,482.25,4,1929.0,0.0,Payaxis,Men's Fashion,complete
ORD0001017,1018,12,2024-05-07 03:00:00,3679.7,3,10472.2,566.9,jazzwallet,Mobiles & Tablets,canceled
ORD0001018,1019,493,2024-05-07 06:00:00,1182.84,2,2365.68,0.0,cod,Appliances,complete
ORD0001019,1020,606,2024-05-07 09:00:00,687.17,3,2061.51,0.0,cod,Appliances,canceled
ORD0001020,1021,14,2024-05-07 12:00:00,688.11,3,1478.92,585.41,jazzwallet,Men's Fashion,complete
ORD0001021,1022,344,2024-05-07 15:00:00,673.95,1,673.95,0.0,Payaxis,Men's Fashion,complete
ORD0001022,1023,507,2024-05-07 18:00:00,644.37,3,1933.11,0.0,jazzwallet,Men's Fashion,complete
ORD0001023,1024,547,2024-05-07 21:00:00,418.9,4,1675.6,0.0,easypay_voucher,Beauty & Grooming,canceled
ORD0001024,1025,651,2024-05-08 00:00:00,355.91,3,1067.73,0.0,easypay_voucher,Women's Fashion,canceled
ORD0001025,1026,506,2024-05-08 03:00:00,947.42,3,2652.41,189.85,cod,Appliances,complete
ORD0001026,1027,644,2024-05-08 06:00:00,702.96,1,702.96,0.0,jazzwallet,Women's Fashion,complete
ORD0001027,1028,695,2024-05-08 09:00:00,2515.86,3,7547.58,0.0,cod,Appliances,complete
ORD0001028,1029,649,2024-05-08 12:00:00,1366.23,4,5430.45,34.47,Payaxis,Women's Fashion,canceled
ORD0001029,1030,307,2024-05-08 15:00:00,1338.08,2,2676.16,0.0,cod,Men's Fashion,canceled
ORD0001030,1031,285,2024-05-08 18:00:00,628.08,3,1884.24,0.0,easypay_voucher,Beauty & Grooming,canceled
ORD0001031,1032,299,2024-05-08 21:00:00,1001.47,3,3004.41,0.0,Payaxis,Appliances,complete
ORD0001032,1033,665,2024-05-09 00:00:00,1437.63,1,1437.63,0.0,easypay_voucher,Appliances,complete
ORD0001033,1034,197,2024-05-09 03:00:00,1876.47,2,3752.94,0.0,jazzwallet,Beauty & Grooming,canceled
ORD0001034,1035,526,2024-05-09 06:00:00,1022.07,4,4088.28,0.0,cod,Men's Fashion,complete
ORD0001035,1036,437,2024-05-09 09:00:00,2463.51,4,9778.5,75.54,easypay_voucher,Mobiles & Tablets,complete
ORD0001036,1037,44,2024-05-09 12:00:00,1103.22,2,1672.72,533.72,cod,Women's Fashion,complete
ORD0001037,1038,340,2024-05-09 15:00:00,1987.5,2,3975.0,0.0,cod,Men's Fashion,canceled
ORD0001038,1039,137,2024-05-09 18:00:00,759.46,4,3037.84,0.0,cod,Women's Fashion,complete
ORD0001039,1040,510,2024-05-09 21:00:00,281.62,1,281.62,0.0,cod,Men's Fashion,complete
ORD0001040,1041,313,2024-05-10 00:00:00,1341.13,2,2042.43,639.83,cod,Men's Fashion,complete
ORD0001041,1042,250,2024-05-10 03:00:00,1889.36,1,1889.36,0.0,Payaxis,Men's Fashion,canceled
ORD0001042,1043,46,2024-05-10 06:00:00,1688.36,1,1345.44,342.92,easypay_voucher,Men's Fashion,complete
ORD0001043,1044,92,2024-05-10 09:00:00,1505.14,3,4225.99,289.43,Payaxis,Appliances,complete
ORD0001044,1045,535,2024-05-10 12:00:00,844.34,2,1380.22,308.46,cod,Women's Fashion,canceled
ORD0001045,1046,603,2024-05-10 15:00:00,598.81,4,2395.24,0.0,cod,Women's Fashion,complete
ORD0001046,1047,204,2024-05-10 18:00:00,1658.71,4,6634.84,0.0,cod,Mobiles & Tablets,canceled
ORD0001047,1048,579,2024-05-10 21:00:00,1509.96,4,5699.79,340.05,Payaxis,Women's Fashion,canceled
ORD0001048,1049,386,2024-05-11 00:00:00,720.05,3,1638.57,521.58,jazzwallet,Mobiles & Tablets,canceled
ORD0001049,1050,246,2024-05-11 03:00:00,2520.14,3,7560.42,0.0,cod,Men's Fashion,canceled
ORD0001050,1051,316,2024-05-11 06:00:00,565.58,3,1696.74,0.0,Payaxis,Women's Fashion,complete
ORD0001051,1052,483,2024-05-11 09:00:00,707.94,4,2831.76,0.0,cod,Mobiles & Tablets,canceled
ORD0001052,1053,636,2024-05-11 12:00:00,3741.79,1,3387.42,354.37,cod,Men's Fashion,complete
ORD0001053,1054,345,2024-05-11 15:00:00,2103.67,3,6311.01,0.0,cod,Men's Fashion,canceled
ORD0001054,1055,243,2024-05-11 18:00:00,838.4,1,838.4,0.0,cod,Beauty & Grooming,complete
ORD0001055,1056,532,2024-05-11 21:00:00,1360.4,2,2720.8,0.0,Payaxis,Beauty & Grooming,complete
ORD0001056,1057,368,2024-05-12 00:00:00,1231.63,2,1922.17,541.09,jazzwallet,Mobiles & Tablets,complete
ORD0001057,1058,273,2024-05-12 03:00:00,139.88,3,419.64,0.0,cod,Appliances,complete
ORD0001058,1059,322,2024-05-12 06:00:00,555.65,4,1459.03,763.57,easypay_voucher,Appliances,complete
ORD0001059,1060,375,2024-05-12 09:00:00,1055.6,1,803.43,252.17,Payaxis,Men's Fashion,complete
ORD0001060,1061,99,2024-05-12 12:00:00,839.28,3,2234.41,283.43,jazzwallet,Women's Fashion,complete
ORD0001061,1062,41,2024-05-12 15:00:00,1319.92,1,1319.92,0.0,easypay_voucher,Appliances,complete
ORD0001062,1063,465,2024-05-12 18:00:00,2558.33,1,2558.33,0.0,cod,Men's Fashion,canceled
ORD0001063,1064,123,2024-05-12 21:00:00,861.65,2,1723.3,0.0,easypay_voucher,Mobiles & Tablets,complete
ORD0001064,1065,372,2024-05-13 00:00:00,496.09,3,1488.27,0.0,cod,Men's Fashion,canceled
ORD0001065,1066,547,2024-05-13 03:00:00,1399.18,1,1399.18,0.0,jazzwallet,Men's Fashion,complete
ORD0001066,1067,151,2024-05-13 06:00:00,858.37,2,1571.3,145.44,cod,Men's Fashion,canceled
ORD0001067,1068,267,2024-05-13 09:00:00,975.5,4,3902.0,0.0,Payaxis,Men's Fashion,canceled
ORD0001068,1069,684,2024-05-13 12:00:00,881.1,2,1137.37,624.83,cod,Mobiles & Tablets,complete
ORD0001069,1070,25,2024-05-13 15:00:00,5892.16,4,23568.64,0.0,cod,Beauty & Grooming,complete
ORD0001070,1071,529,2024-05-13 18:00:00,204.28,4,127.74,689.38,jazzwallet,Mobiles & Tablets,complete
ORD0001071,1072,118,2024-05-13 21:00:00,819.55,2,1639.1,0.0,easypay_voucher,Appliances,complete
ORD0001072,1073,634,2024-05-14 00:00:00,1093.6,3,3280.8,0.0,cod,Appliances,complete
ORD0001073,1074,288,2024-05-14 03:00:00,610.42,3,1694.83,136.43,jazzwallet,Appliances,complete
ORD0001074,1075,5,2024-05-14 06:00:00,2153.54,2,4045.58,261.5,jazzwallet,Beauty & Grooming,complete
ORD0001075,1076,502,2024-05-14 09:00:00,2018.16,2,4036.32,0.0,cod,Mobiles & Tablets,canceled
ORD0001076,1077,103,2024-05-14 12:00:00,1058.05,2,1542.39,573.71,easypay_voucher,Men's Fashion,canceled
ORD0001077,1078,255,2024-05-14 15:00:00,895.15,1,874.61,20.54,easypay_voucher,Mobiles & Tablets,complete
ORD0001078,1079,352,2024-05-14 18:00:00,1008.31,1,894.68,113.63,easypay_voucher,Women's Fashion,complete
ORD0001079,1080,521,2024-05-14 21:00:00,1013.75,2,2027.5,0.0,cod,Appliances,complete
ORD0001080,1081,293,2024-05-15 00:00:00,1034.03,4,4136.12,0.0,cod,Beauty & Grooming,canceled
ORD0001081,1082,600,2024-05-15 03:00:00,952.41,1,913.78,38.63,jazzwallet,Men's Fashion,canceled
ORD0001082,1083,337,2024-05-15 06:00:00,1325.22,1,1325.22,0.0,jazzwallet,Men's Fashion,canceled
ORD0001083,1084,239,2024-05-15 09:00:00,1929.29,2,3858.58,0.0,jazzwallet,Beauty & Grooming,complete
ORD0001084,1085,236,2024-05-15 12:00:00,435.85,3,1196.09,111.46,jazzwallet,Appliances,complete
ORD0001085,1086,560,2024-05-15 15:00:00,498.7,1,498.7,0.0,Payaxis,Appliances,complete
ORD0001086,1087,465,2024-05-15 18:00:00,295.48,1,295.48,0.0,Payaxis,Women's Fashion,canceled
ORD0001087,1088,89,2024-05-15 21:00:00,2100.22,1,1499.49,600.73,Payaxis,Women's Fashion,complete
ORD0001088,1089,525,2024-05-16 00:00:00,1323.11,2,2485.94,160.28,easypay_voucher,Men's Fashion,complete
ORD0001089,1090,291,2024-05-16 03:00:00,1601.91,1,1573.61,28.3,cod,Appliances,complete
ORD0001090,1091,244,2024-05-16 06:00:00,375.36,4,776.75,724.69,cod,Men's Fashion,complete
ORD0001091,1092,69,2024-05-16 09:00:00,4182.7,4,16730.8,0.0,easypay_voucher,Beauty & Grooming,canceled
ORD0001092,1093,698,2024-05-16 12:00:00,694.62,2,1389.24,0.0,cod,Mobiles & Tablets,complete
ORD0001093,1094,37,2024-05-16 15:00:00,1244.08,1,1244.08,0.0,cod,Women's Fashion,complete
ORD0001094,1095,697,2024-05-16 18:00:00,2081.38,1,1930.53,150.85,easypay_voucher,Men's Fashion,complete
ORD0001095,1096,46,2024-05-16 21:00:00,523.1,2,470.57,575.63,cod,Appliances,canceled
ORD0001096,1097,354,2024-05-17 00:00:00,727.97,2,1455.94,0.0,cod,Appliances,complete
ORD0001097,1098,74,2024-05-17 03:00:00,1254.36,3,3763.08,0.0,Payaxis,Beauty & Grooming,complete
ORD0001098,1099,345,2024-05-17 06:00:00,9349.75,2,18037.39,662.11,jazzwallet,Appliances,canceled
ORD0001099,1100,585,2024-05-17 09:00:00,1374.5,2,2749.0,0.0,cod,Men's Fashion,canceled
ORD0001100,1101,413,2024-05-17 12:00:00,3658.36,2,7316.72,0.0,cod,Men's Fashion,complete
ORD0001101,1102,381,2024-05-17 15:00:00,2708.78,3,8126.34,0.0,cod,Beauty & Grooming,canceled
ORD0001102,1103,84,2024-05-17 18:00:00,1445.21,3,4335.63,0.0,Payaxis,Women's Fashion,complete
ORD0001103,1104,663,2024-05-17 21:00:00,522.23,1,522.23,0.0,Payaxis,Mobiles & Tablets,complete
ORD0001104,1105,263,2024-05-18 00:00:00,2427.98,2,4798.5,57.46,cod,Beauty & Grooming,complete
ORD0001105,1106,377,2024-05-18 03:00:00,356.53,3,502.74,566.85,Payaxis,Appliances,complete
ORD0001106,1107,628,2024-05-18 06:00:00,3643.34,3,10930.02,0.0,cod,Mobiles & Tablets,canceled
ORD0001107,1108,440,2024-05-18 09:00:00,1274.11,3,3057.02,765.31,cod,Appliances,canceled
ORD0001108,1109,514,2024-05-18 12:00:00,150.25,3,0.0,464.38,jazzwallet,Appliances,canceled
ORD0001109,1110,129,2024-05-18 15:00:00,849.48,3,2548.44,0.0,cod,Appliances,complete
ORD0001110,1111,322,2024-05-18 18:00:00,1790.88,2,3581.76,0.0,cod,Beauty & Grooming,complete
ORD0001111,1112,378,2024-05-18 21:00:00,918.03,3,2754.09,0.0,cod,Women's Fashion,complete
ORD0001112,1113,123,2024-05-19 00:00:00,1874.79,2,3749.58,0.0,easypay_voucher,Women's Fashion,complete
ORD0001113,1114,270,2024-05-19 03:00:00,579.68,2,1159.36,0.0,jazzwallet,Appliances,complete
ORD0001114,1115,582,2024-05-19 06:00:00,411.79,1,229.96,181.83,jazzwallet,Mobiles & Tablets,complete
ORD0001115,1116,652,2024-05-19 09:00:00,1039.42,2,2078.84,0.0,cod,Mobiles & Tablets,canceled
ORD0001116,1117,576,2024-05-19 12:00:00,1122.9,1,1122.9,0.0,cod,Beauty & Grooming,complete
ORD0001117,1118,653,2024-05-19 15:00:00,844.47,1,844.47,0.0,Payaxis,Men's Fashion,canceled
ORD0001118,1119,698,2024-05-19 18:00:00,2753.06,2,5453.34,52.78,cod,Women's Fashion,complete
ORD0001119,1120,139,2024-05-19 21:00:00,579.6,3,1420.74,318.06,jazzwallet,Men's Fashion,canceled
ORD0001120,1121,598,2024-05-20 00:00:00,1386.97,4,5547.88,0.0,Payaxis,Men's Fashion,complete
ORD0001121,1122,434,2024-05-20 03:00:00,1153.99,1,752.65,401.34,cod,Women's Fashion,canceled
ORD0001122,1123,601,2024-05-20 06:00:00,341.2,4,1188.27,176.53,Payaxis,Beauty & Grooming,complete
ORD0001123,1124,447,2024-05-20 09:00:00,407.78,2,815.56,0.0,cod,Women's Fashion,canceled
ORD0001124,1125,88,2024-05-20 12:00:00,1106.47,3,3319.41,0.0,cod,Mobiles & Tablets,complete
ORD0001125,1126,394,2024-05-20 15:00:00,4845.96,3,14444.05,93.83,easypay_voucher,Men's Fashion,complete
ORD0001126,1127,532,2024-05-20 18:00:00,1693.33,4,6244.69,528.63,easypay_voucher,Mobiles & Tablets,complete
ORD0001127,1128,87,2024-05-20 21:00:00,300.6,1,0.0,473.73,Payaxis,Beauty & Grooming,canceled
ORD0001128,1129,353,2024-05-21 00:00:00,106.39,4,425.56,0.0,easypay_voucher,Men's Fashion,complete
ORD0001129,1130,458,2024-05-21 03:00:00,1900.34,1,1900.34,0.0,jazzwallet,Men's Fashion,complete
ORD0001130,1131,325,2024-05-21 06:00:00,1020.29,4,4067.82,13.34,jazzwallet,Mobiles & Tablets,canceled
ORD0001131,1132,559,2024-05-21 09:00:00,2581.04,3,7743.12,0.0,easypay_voucher,Women's Fashion,complete
ORD0001132,1133,89,2024-05-21 12:00:00,566.49,2,1000.52,132.46,cod,Beauty & Grooming,complete
ORD0001133,1134,242,2024-05-21 15:00:00,1426.04,2,2773.72,78.36,Payaxis,Women's Fashion,complete
ORD0001134,1135,665,2024-05-21 18:00:00,2068.61,1,1480.23,588.38,jazzwallet,Appliances,complete
ORD0001135,1136,360,2024-05-21 21:00:00,783.99,4,3135.96,0.0,cod,Mobiles & Tablets,complete
ORD0001136,1137,127,2024-05-22 00:00:00,796.67,3,1855.45,534.56,cod,Mobiles & Tablets,canceled
ORD0001137,1138,82,2024-05-22 03:00:00,1117.61,4,4327.73,142.71,cod,Appliances,canceled
ORD0001138,1139,415,2024-05-22 06:00:00,1647.49,3,4942.47,0.0,cod,Mobiles & Tablets,complete
ORD0001139,1140,651,2024-05-22 09:00:00,1084.91,4,4339.64,0.0,Payaxis,Women's Fashion,complete
ORD0001140,1141,35,2024-05-22 12:00:00,2276.73,4,8700.2,406.72,cod,Men's Fashion,canceled
ORD0001141,1142,77,2024-05-22 15:00:00,775.53,2,1034.67,516.39,Payaxis,Mobiles & Tablets,complete
ORD0001142,1143,263,2024-05-22 18:00:00,404.93,3,565.25,649.54,Payaxis,Women's Fashion,complete
ORD0001143,1144,146,2024-05-22 21:00:00,4830.63,2,9661.26,0.0,Payaxis,Beauty & Grooming,canceled
ORD0001144,1145,85,2024-05-23 00:00:00,696.82,4,2787.28,0.0,cod,Mobiles & Tablets,canceled
ORD0001145,1146,209,2024-05-23 03:00:00,715.99,3,1528.9,619.07,cod,Beauty & Grooming,canceled
ORD0001146,1147,450,2024-05-23 06:00:00,1043.83,2,2087.66,0.0,Payaxis,Women's Fashion,canceled
ORD0001147,1148,578,2024-05-23 09:00:00,1153.3,3,3459.9,0.0,Payaxis,Appliances,complete
ORD0001148,1149,215,2024-05-23 12:00:00,820.56,2,1516.36,124.76,easypay_voucher,Mobiles & Tablets,complete
ORD0001149,1150,490,2024-05-23 15:00:00,1082.39,3,3173.92,73.25,jazzwallet,Beauty & Grooming,complete
ORD0001150,1151,576,2024-05-23 18:00:00,1064.41,2,1419.05,709.77,cod,Mobiles & Tablets,complete
ORD0001151,1152,5,2024-05-23 21:00:00,1250.27,2,2199.18,301.36,jazzwallet,Beauty & Grooming,complete
ORD0001152,1153,597,2024-05-24 00:00:00,187.15,4,748.6,0.0,cod,Appliances,complete
ORD0001153,1154,129,2024-05-24 03:00:00,4494.71,1,3879.76,614.95,cod,Men's Fashion,complete
ORD0001154,1155,479,2024-05-24 06:00:00,981.94,4,3927.76,0.0,easypay_voucher,Mobiles & Tablets,complete
ORD0001155,1156,525,2024-05-24 09:00:00,1695.05,1,1695.05,0.0,cod,Appliances,complete
ORD0001156,1157,591,2024-05-24 12:00:00,390.11,1,390.11,0.0,cod,Mobiles & Tablets,complete
ORD0001157,1158,283,2024-05-24 15:00:00,770.28,1,770.28,0.0,cod,Appliances,complete
ORD0001158,1159,462,2024-05-24 18:00:00,662.33,1,662.33,0.0,cod,Appliances,canceled
ORD0001159,1160,19,2024-05-24 21:00:00,3302.03,1,3302.03,0.0,Payaxis,Men's Fashion,complete
ORD0001160,1161,313,2024-05-25 00:00:00,706.72,4,2826.88,0.0,cod,Men's Fashion,canceled
ORD0001161,1162,674,2024-05-25 03:00:00,1936.35,4,7745.4,0.0,easypay_voucher,Men's Fashion,complete
ORD0001162,1163,111,2024-05-25 06:00:00,673.3,3,1480.62,539.28,Payaxis,Men's Fashion,complete
ORD0001163,1164,106,2024-05-25 09:00:00,780.97,1,780.97,0.0,cod,Mobiles & Tablets,complete
ORD0001164,1165,490,2024-05-25 12:00:00,912.18,4,3599.32,49.4,cod,Men's Fashion,canceled
ORD0001165,1166,357,2024-05-25 15:00:00,2872.34,3,8617.02,0.0,jazzwallet,Appliances,complete
ORD0001166,1167,319,2024-05-25 18:00:00,265.76,3,797.28,0.0,Payaxis,Men's Fashion,complete
ORD0001167,1168,174,2024-05-25 21:00:00,408.81,4,1635.24,0.0,easypay_voucher,Appliances,complete
ORD0001168,1169,120,2024-05-26 00:00:00,254.56,2,509.12,0.0,Payaxis,Beauty & Grooming,complete
ORD0001169,1170,516,2024-05-26 03:00:00,485.11,2,496.81,473.41,cod,Appliances,complete
ORD0001170,1171,251,2024-05-26 06:00:00,596.63,4,2386.52,0.0,cod,Women's Fashion,complete
ORD0001171,1172,543,2024-05-26 09:00:00,326.73,3,374.48,605.71,Payaxis,Men's Fashion,complete
ORD0001172,1173,310,2024-05-26 12:00:00,632.32,3,1896.96,0.0,cod,Beauty & Grooming,complete
ORD0001173,1174,278,2024-05-26 15:00:00,242.01,3,726.03,0.0,Payaxis,Men's Fashion,complete
ORD0001174,1175,161,2024-05-26 18:00:00,511.07,4,1410.17,634.11,easypay_voucher,Women's Fashion,complete
ORD0001175,1176,461,2024-05-26 21:00:00,2698.13,2,5396.26,0.0,Payaxis,Women's Fashion,canceled
ORD0001176,1177,199,2024-05-27 00:00:00,1484.29,1,1083.85,400.44,cod,Appliances,canceled
ORD0001177,1178,636,2024-05-27 03:00:00,1262.19,2,2524.38,0.0,cod,Women's Fashion,canceled
ORD0001178,1179,286,2024-05-27 06:00:00,516.93,3,1550.79,0.0,cod,Appliances,complete
ORD0001179,1180,570,2024-05-27 09:00:00,346.52,4,1386.08,0.0,cod,Beauty & Grooming,complete
ORD0001180,1181,329,2024-05-27 12:00:00,466.67,2,933.34,0.0,Payaxis,Men's Fashion,complete
ORD0001181,1182,291,2024-05-27 15:00:00,1061.66,3,3184.98,0.0,cod,Beauty & Grooming,canceled
ORD0001182,1183,317,2024-05-27 18:00:00,2103.03,4,8412.12,0.0,cod,Mobiles & Tablets,canceled
ORD0001183,1184,309,2024-05-27 21:00:00,2157.65,4,8630.6,0.0,cod,Beauty & Grooming,complete
ORD0001184,1185,335,2024-05-28 00:00:00,1759.81,4,7039.24,0.0,cod,Mobiles & Tablets,canceled
ORD0001185,1186,620,2024-05-28 03:00:00,630.7,4,2522.8,0.0,Payaxis,Beauty & Grooming,canceled
ORD0001186,1187,492,2024-05-28 06:00:00,1117.01,3,3351.03,0.0,cod,Men's Fashion,canceled
ORD0001187,1188,25,2024-05-28 09:00:00,861.77,2,1723.54,0.0,jazzwallet,Beauty & Grooming,complete
ORD0001188,1189,41,2024-05-28 12:00:00,943.04,2,1506.73,379.35,cod,Mobiles & Tablets,complete
ORD0001189,1190,16,2024-05-28 15:00:00,5053.55,3,15120.25,40.4,easypay_voucher,Women's Fashion,canceled
ORD0001190,1191,483,2024-05-28 18:00:00,292.51,1,109.04,183.47,cod,Beauty & Grooming,canceled
ORD0001191,1192,144,2024-05-28 21:00:00,919.65,3,2475.99,282.96,cod,Mobiles & Tablets,complete
ORD0001192,1193,270,2024-05-29 00:00:00,2721.15,3,8163.45,0.0,jazzwallet,Men's Fashion,complete
ORD0001193,1194,579,2024-05-29 03:00:00,365.25,3,880.2,215.55,jazzwallet,Mobiles & Tablets,complete
ORD0001194,1195,93,2024-05-29 06:00:00,676.67,2,1353.34,0.0,jazzwallet,Men's Fashion,canceled
ORD0001195,1196,108,2024-05-29 09:00:00,737.47,3,1509.68,702.73,cod,Men's Fashion,canceled
ORD0001196,1197,56,2024-05-29 12:00:00,927.54,1,492.56,434.98,cod,Appliances,complete
ORD0001197,1198,200,2024-05-29 15:00:00,331.3,3,993.9,0.0,easypay_voucher,Men's Fashion,complete
ORD0001198,1199,63,2024-05-29 18:00:00,1713.79,4,6855.16,0.0,cod,Mobiles & Tablets,canceled
ORD0001199,1200,440,2024-05-29 21:00:00,1807.53,4,7230.12,0.0,Payaxis,Mobiles & Tablets,complete
ORD0001200,1201,516,2024-05-30 00:00:00,1605.65,4,6422.6,0.0,easypay_voucher,Beauty & Grooming,complete
ORD0001201,1202,129,2024-05-30 03:00:00,570.9,2,1141.8,0.0,easypay_voucher,Beauty & Grooming,complete
ORD0001202,1203,367,2024-05-30 06:00:00,1170.15,1,1170.15,0.0,Payaxis,Men's Fashion,canceled
ORD0001203,1204,212,2024-05-30 09:00:00,558.59,3,1527.33,148.44,Payaxis,Mobiles & Tablets,complete
ORD0001204,1205,57,2024-05-30 12:00:00,854.53,1,599.26,255.27,cod,Mobiles & Tablets,complete
ORD0001205,1206,327,2024-05-30 15:00:00,5514.31,2,11028.62,0.0,cod,Beauty & Grooming,complete
ORD0001206,1207,488,2024-05-30 18:00:00,1178.23,3,3534.69,0.0,easypay_voucher,Appliances,complete
ORD0001207,1208,160,2024-05-30 21:00:00,450.05,3,1350.15,0.0,easypay_voucher,Appliances,complete
ORD0001208,1209,551,2024-05-31 00:00:00,1255.45,3,3766.35,0.0,cod,Men's Fashion,complete
ORD0001209,1210,694,2024-05-31 03:00:00,397.88,4,1309.11,282.41,cod,Appliances,complete
ORD0001210,1211,40,2024-05-31 06:00:00,446.19,1,446.19,0.0,Payaxis,Mobiles & Tablets,complete
ORD0001211,1212,115,2024-05-31 09:00:00,502.28,4,2009.12,0.0,Payaxis,Appliances,complete
ORD0001212,1213,203,2024-05-31 12:00:00,785.85,3,2357.55,0.0,easypay_voucher,Women's Fashion,complete
ORD0001213,1214,595,2024-05-31 15:00:00,2214.38,2,4183.65,245.11,cod,Men's Fashion,complete
ORD0001214,1215,100,2024-05-31 18:00:00,1692.22,2,3384.44,0.0,cod,Appliances,complete
ORD0001215,1216,329,2024-05-31 21:00:00,1623.35,3,4386.61,483.44,easypay_voucher,Appliances,complete
ORD0001216,1217,376,2024-06-01 00:00:00,480.97,3,1442.91,0.0,cod,Women's Fashion,canceled
ORD0001217,1218,91,2024-06-01 03:00:00,730.71,2,1399.74,61.68,easypay_voucher,Mobiles & Tablets,canceled
ORD0001218,1219,30,2024-06-01 06:00:00,1344.8,1,1344.8,0.0,Payaxis,Mobiles & Tablets,complete
ORD0001219,1220,83,2024-06-01 09:00:00,684.55,1,456.78,227.77,cod,Beauty & Grooming,canceled
ORD0001220,1221,40,2024-06-01 12:00:00,890.0,2,1780.0,0.0,cod,Men's Fashion,complete
ORD0001221,1222,350,2024-06-01 15:00:00,1526.94,2,3053.88,0.0,cod,Men's Fashion,canceled
ORD0001222,1223,655,2024-06-01 18:00:00,844.23,3,2185.41,347.28,jazzwallet,Appliances,complete
ORD0001223,1224,248,2024-06-01 21:00:00,1299.25,4,5197.0,0.0,easypay_voucher,Men's Fashion,complete
ORD0001224,1225,180,2024-06-02 00:00:00,3621.15,1,3621.15,0.0,cod,Men's Fashion,canceled
ORD0001225,1226,164,2024-06-02 03:00:00,964.01,2,1928.02,0.0,jazzwallet,Appliances,complete
ORD0001226,1227,686,2024-06-02 06:00:00,2655.81,1,2524.97,130.84,cod,Women's Fashion,canceled
ORD0001227,1228,671,2024-06-02 09:00:00,1668.25,4,6673.0,0.0,cod,Appliances,complete
ORD0001228,1229,454,2024-06-02 12:00:00,364.88,3,1094.64,0.0,jazzwallet,Mobiles & Tablets,complete
ORD0001229,1230,324,2024-06-02 15:00:00,479.81,1,479.81,0.0,cod,Women's Fashion,complete
ORD0001230,1231,112,2024-06-02 18:00:00,586.87,2,1173.74,0.0,cod,Women's Fashion,canceled
ORD0001231,1232,650,2024-06-02 21:00:00,577.6,3,1732.8,0.0,easypay_voucher,Appliances,complete
ORD0001232,1233,1,2024-06-03 00:00:00,1024.83,4,3511.56,587.76,cod,Mobiles & Tablets,complete
ORD0001233,1234,115,2024-06-03 03:00:00,1738.86,3,5216.58,0.0,Payaxis,Mobiles & Tablets,complete
ORD0001234,1235,475,2024-06-03 06:00:00,2811.21,2,5222.28,400.14,cod,Appliances,complete
ORD0001235,1236,129,2024-06-03 09:00:00,1381.78,3,3355.3,790.04,cod,Appliances,complete
ORD0001236,1237,76,2024-06-03 12:00:00,785.04,3,1587.79,767.33,cod,Beauty & Grooming,complete
ORD0001237,1238,417,2024-06-03 15:00:00,230.06,3,11.1,679.08,cod,Men's Fashion,complete
ORD0001238,1239,19,2024-06-03 18:00:00,1156.26,1,1156.26,0.0,cod,Beauty & Grooming,complete
ORD0001239,1240,189,2024-06-03 21:00:00,1118.03,3,3354.09,0.0,cod,Men's Fashion,complete
ORD0001240,1241,450,2024-06-04 00:00:00,1257.9,1,1050.1,207.8,jazzwallet,Appliances,complete
ORD0001241,1242,130,2024-06-04 03:00:00,5322.4,4,21289.6,0.0,cod,Mobiles & Tablets,complete
ORD0001242,1243,531,2024-06-04 06:00:00,2780.67,4,11122.68,0.0,cod,Beauty & Grooming,complete
ORD0001243,1244,67,2024-06-04 09:00:00,1975.93,3,5927.79,0.0,cod,Men's Fashion,canceled
ORD0001244,1245,429,2024-06-04 12:00:00,532.96,3,1598.88,0.0,cod,Beauty & Grooming,canceled
ORD0001245,1246,54,2024-06-04 15:00:00,746.39,1,746.39,0.0,cod,Men's Fashion,complete
ORD0001246,1247,512,2024-06-04 18:00:00,1021.34,4,4085.36,0.0,easypay_voucher,Appliances,complete
ORD0001247,1248,527,2024-06-04 21:00:00,613.05,2,1226.1,0.0,cod,Women's Fashion,canceled
ORD0001248,1249,556,2024-06-05 00:00:00,1596.15,2,3192.3,0.0,jazzwallet,Mobiles & Tablets,complete
ORD0001249,1250,198,2024-06-05 03:00:00,1433.22,3,4121.8,177.86,jazzwallet,Mobiles & Tablets,complete
ORD0001250,1251,166,2024-06-05 06:00:00,484.82,4,1939.28,0.0,cod,Appliances,complete
ORD0001251,1252,684,2024-06-05 09:00:00,2690.85,2,5381.7,0.0,cod,Mobiles & Tablets,complete
ORD0001252,1253,510,2024-06-05 12:00:00,1184.09,3,3552.27,0.0,cod,Men's Fashion,canceled
ORD0001253,1254,129,2024-06-05 15:00:00,299.82,3,899.46,0.0,easypay_voucher,Women's Fashion,complete
ORD0001254,1255,21,2024-06-05 18:00:00,1055.21,2,2110.42,0.0,cod,Men's Fashion,canceled
ORD0001255,1256,248,2024-06-05 21:00:00,1354.12,3,4062.36,0.0,jazzwallet,Mobiles & Tablets,complete
ORD0001256,1257,465,2024-06-06 00:00:00,2274.68,4,9098.72,0.0,Payaxis,Appliances,canceled
ORD0001257,1258,263,2024-06-06 03:00:00,851.41,2,1702.82,0.0,Payaxis,Appliances,complete
ORD0001258,1259,565,2024-06-06 06:00:00,2040.51,4,8162.04,0.0,easypay_voucher,Appliances,complete
ORD0001259,1260,350,2024-06-06 09:00:00,1261.88,4,5047.52,0.0,jazzwallet,Beauty & Grooming,complete
ORD0001260,1261,693,2024-06-06 12:00:00,409.0,4,1636.0,0.0,cod,Mobiles & Tablets,complete
ORD0001261,1262,609,2024-06-06 15:00:00,379.41,3,1138.23,0.0,cod,Women's Fashion,complete
ORD0001262,1263,330,2024-06-06 18:00:00,2545.09,4,9516.38,663.98,cod,Men's Fashion,complete
ORD0001263,1264,584,2024-06-06 21:00:00,2689.17,3,8067.51,0.0,jazzwallet,Beauty & Grooming,canceled
ORD0001264,1265,314,2024-06-07 00:00:00,1397.14,4,5102.45,486.11,easypay_voucher,Women's Fashion,complete
ORD0001265,1266,7,2024-06-07 03:00:00,3367.01,3,10101.03,0.0,Payaxis,Mobiles & Tablets,complete
ORD0001266,1267,216,2024-06-07 06:00:00,2422.26,4,9358.59,330.45,cod,Appliances,canceled
ORD0001267,1268,287,2024-06-07 09:00:00,1831.19,4,7324.76,0.0,jazzwallet,Mobiles & Tablets,complete
ORD0001268,1269,683,2024-06-07 12:00:00,553.64,4,2214.56,0.0,easypay_voucher,Men's Fashion,complete
ORD0001269,1270,579,2024-06-07 15:00:00,4018.13,3,12026.03,28.36,easypay_voucher,Appliances,complete
ORD0001270,1271,103,2024-06-07 18:00:00,1639.63,3,4918.89,0.0,jazzwallet,Women's Fashion,canceled
ORD0001271,1272,1,2024-06-07 21:00:00,821.08,4,3284.32,0.0,cod,Appliances,complete
ORD0001272,1273,370,2024-06-08 00:00:00,664.34,2,922.53,406.15,cod,Women's Fashion,canceled
ORD0001273,1274,374,2024-06-08 03:00:00,1329.54,1,1329.54,0.0,easypay_voucher,Beauty & Grooming,complete
ORD0001274,1275,515,2024-06-08 06:00:00,313.16,4,762.4,490.24,cod,Women's Fashion,canceled
ORD0001275,1276,182,2024-06-08 09:00:00,1853.36,3,5415.12,144.96,cod,Mobiles & Tablets,complete
ORD0001276,1277,568,2024-06-08 12:00:00,536.37,2,811.77,260.97,cod,Mobiles & Tablets,canceled
ORD0001277,1278,289,2024-06-08 15:00:00,1448.03,3,4344.09,0.0,cod,Appliances,complete
ORD0001278,1279,234,2024-06-08 18:00:00,741.58,1,741.58,0.0,jazzwallet,Mobiles & Tablets,complete
ORD0001279,1280,294,2024-06-08 21:00:00,899.36,2,1798.72,0.0,easypay_voucher,Men's Fashion,complete
ORD0001280,1281,661,2024-06-09 00:00:00,621.61,2,1243.22,0.0,cod,Mobiles & Tablets,complete
ORD0001281,1282,274,2024-06-09 03:00:00,971.73,2,1943.46,0.0,cod,Men's Fashion,complete
ORD0001282,1283,392,2024-06-09 06:00:00,4523.47,4,18093.88,0.0,cod,Women's Fashion,complete
ORD0001283,1284,624,2024-06-09 09:00:00,3098.88,3,9296.64,0.0,easypay_voucher,Mobiles & Tablets,canceled
ORD0001284,1285,13,2024-06-09 12:00:00,1430.61,1,1430.61,0.0,jazzwallet,Women's Fashion,complete
ORD0001285,1286,375,2024-06-09 15:00:00,1076.03,2,1817.36,334.7,jazzwallet,Beauty & Grooming,complete
ORD0001286,1287,496,2024-06-09 18:00:00,2065.55,1,2033.23,32.32,cod,Mobiles & Tablets,complete
ORD0001287,1288,632,2024-06-09 21:00:00,2559.27,4,10237.08,0.0,cod,Mobiles & Tablets,canceled
ORD0001288,1289,43,2024-06-10 00:00:00,588.53,2,1177.06,0.0,cod,Men's Fashion,complete
ORD0001289,1290,508,2024-06-10 03:00:00,1034.76,2,1943.51,126.01,easypay_voucher,Beauty & Grooming,complete
ORD0001290,1291,561,2024-06-10 06:00:00,279.65,2,559.3,0.0,cod,Women's Fashion,complete
ORD0001291,1292,246,2024-06-10 09:00:00,2546.12,1,2546.12,0.0,easypay_voucher,Appliances,canceled
ORD0001292,1293,522,2024-06-10 12:00:00,5160.39,4,20481.23,160.33,easypay_voucher,Mobiles & Tablets,complete
ORD0001293,1294,346,2024-06-10 15:00:00,1164.52,3,3407.81,85.75,cod,Appliances,complete
ORD0001294,1295,461,2024-06-10 18:00:00,222.79,2,0.0,660.22,cod,Mobiles & Tablets,canceled
ORD0001295,1296,273,2024-06-10 21:00:00,1731.37,2,3462.74,0.0,cod,Appliances,canceled
ORD0001296,1297,124,2024-06-11 00:00:00,556.65,3,1669.95,0.0,cod,Mobiles & Tablets,complete
ORD0001297,1298,580,2024-06-11 03:00:00,666.8,1,666.8,0.0,cod,Beauty & Grooming,complete
ORD0001298,1299,152,2024-06-11 06:00:00,1754.49,4,6515.93,502.03,Payaxis,Men's Fashion,canceled
ORD0001299,1300,132,2024-06-11 09:00:00,1327.32,3,3981.96,0.0,cod,Mobiles & Tablets,complete
ORD0001300,1301,620,2024-06-11 12:00:00,760.46,1,623.1,137.36,cod,Men's Fashion,canceled
ORD0001301,1302,655,2024-06-11 15:00:00,673.71,3,2021.13,0.0,easypay_voucher,Mobiles & Tablets,complete
ORD0001302,1303,426,2024-06-11 18:00:00,1205.17,4,4820.68,0.0,Payaxis,Mobiles & Tablets,complete
ORD0001303,1304,406,2024-06-11 21:00:00,806.66,1,806.66,0.0,cod,Women's Fashion,complete
ORD0001304,1305,253,2024-06-12 00:00:00,477.27,3,1431.81,0.0,Payaxis,Men's Fashion,complete
ORD0001305,1306,428,2024-06-12 03:00:00,854.55,3,2563.65,0.0,jazzwallet,Men's Fashion,complete
ORD0001306,1307,426,2024-06-12 06:00:00,1414.73,4,5555.85,103.07,easypay_voucher,Beauty & Grooming,canceled
ORD0001307,1308,362,2024-06-12 09:00:00,959.51,3,2878.53,0.0,Payaxis,Mobiles & Tablets,complete
ORD0001308,1309,458,2024-06-12 12:00:00,379.88,3,1089.49,50.15,cod,Men's Fashion,complete
ORD0001309,1310,388,2024-06-12 15:00:00,2302.61,4,9158.05,52.39,jazzwallet,Mobiles & Tablets,complete
ORD0001310,1311,615,2024-06-12 18:00:00,140.6,4,562.4,0.0,cod,Women's Fashion,complete
ORD0001311,1312,467,2024-06-12 21:00:00,784.64,2,1569.28,0.0,jazzwallet,Men's Fashion,canceled
ORD0001312,1313,270,2024-06-13 00:00:00,688.73,3,1588.57,477.62,easypay_voucher,Mobiles & Tablets,canceled
ORD0001313,1314,458,2024-06-13 03:00:00,1225.54,1,1225.54,0.0,cod,Mobiles & Tablets,complete
ORD0001314,1315,161,2024-06-13 06:00:00,1671.12,4,6684.48,0.0,cod,Beauty & Grooming,complete
ORD0001315,1316,150,2024-06-13 09:00:00,2553.13,4,10212.52,0.0,Payaxis,Mobiles & Tablets,canceled
ORD0001316,1317,578,2024-06-13 12:00:00,642.71,2,1285.42,0.0,easypay_voucher,Appliances,complete
ORD0001317,1318,408,2024-06-13 15:00:00,1702.64,3,4681.13,426.79,cod,Beauty & Grooming,complete
ORD0001318,1319,38,2024-06-13 18:00:00,1270.12,4,5080.48,0.0,Payaxis,Women's Fashion,complete
ORD0001319,1320,248,2024-06-13 21:00:00,303.79,1,102.43,201.36,jazzwallet,Men's Fashion,complete
ORD0001320,1321,688,2024-06-14 00:00:00,4561.49,3,13572.3,112.17,easypay_voucher,Appliances,canceled
ORD0001321,1322,446,2024-06-14 03:00:00,372.75,4,1491.0,0.0,cod,Beauty & Grooming,canceled
ORD0001322,1323,608,2024-06-14 06:00:00,1502.11,4,6008.44,0.0,cod,Mobiles & Tablets,complete
ORD0001323,1324,383,2024-06-14 09:00:00,1469.2,1,1235.5,233.7,Payaxis,Beauty & Grooming,complete
ORD0001324,1325,30,2024-06-14 12:00:00,1348.47,4,5393.88,0.0,cod,Beauty & Grooming,complete
ORD0001325,1326,126,2024-06-14 15:00:00,756.78,4,3027.12,0.0,jazzwallet,Mobiles & Tablets,complete
ORD0001326,1327,65,2024-06-14 18:00:00,2039.46,1,2039.46,0.0,cod,Mobiles & Tablets,canceled
ORD0001327,1328,514,2024-06-14 21:00:00,340.26,3,678.42,342.36,easypay_voucher,Appliances,complete
ORD0001328,1329,529,2024-06-15 00:00:00,1043.81,3,3131.43,0.0,cod,Mobiles & Tablets,canceled
ORD0001329,1330,320,2024-06-15 03:00:00,718.45,4,2329.97,543.83,cod,Appliances,canceled
ORD0001330,1331,507,2024-06-15 06:00:00,659.86,1,0.0,670.79,Payaxis,Mobiles & Tablets,complete
ORD0001331,1332,386,2024-06-15 09:00:00,1512.56,4,5477.16,573.08,easypay_voucher,Appliances,complete
ORD0001332,1333,518,2024-06-15 12:00:00,2460.47,3,7262.5,118.91,easypay_voucher,Men's Fashion,complete
ORD0001333,1334,471,2024-06-15 15:00:00,847.73,2,913.12,782.34,jazzwallet,Mobiles & Tablets,complete
ORD0001334,1335,319,2024-06-15 18:00:00,1969.45,2,3309.63,629.27,jazzwallet,Mobiles & Tablets,canceled
ORD0001335,1336,457,2024-06-15 21:00:00,1138.32,4,4553.28,0.0,jazzwallet,Mobiles & Tablets,complete
ORD0001336,1337,223,2024-06-16 00:00:00,561.41,4,2245.64,0.0,cod,Women's Fashion,complete
ORD0001337,1338,524,2024-06-16 03:00:00,903.73,2,1669.32,138.14,easypay_voucher,Mobiles & Tablets,canceled
ORD0001338,1339,639,2024-06-16 06:00:00,876.02,4,3504.08,0.0,jazzwallet,Beauty & Grooming,complete
ORD0001339,1340,145,2024-06-16 09:00:00,650.35,3,1618.09,332.96,cod,Appliances,complete
ORD0001340,1341,467,2024-06-16 12:00:00,1512.26,1,1512.26,0.0,cod,Men's Fashion,canceled
ORD0001341,1342,78,2024-06-16 15:00:00,1307.65,3,3922.95,0.0,Payaxis,Beauty & Grooming,complete
ORD0001342,1343,264,2024-06-16 18:00:00,332.62,4,1330.48,0.0,easypay_voucher,Appliances,complete
ORD0001343,1344,468,2024-06-16 21:00:00,317.78,1,167.41,150.37,easypay_voucher,Appliances,canceled
ORD0001344,1345,194,2024-06-17 00:00:00,1507.96,1,1507.96,0.0,jazzwallet,Mobiles & Tablets,canceled
ORD0001345,1346,165,2024-06-17 03:00:00,594.98,1,594.98,0.0,easypay_voucher,Appliances,complete
ORD0001346,1347,269,2024-06-17 06:00:00,1375.44,3,4126.32,0.0,cod,Women's Fashion,complete
ORD0001347,1348,81,2024-06-17 09:00:00,1969.82,1,1969.82,0.0,cod,Beauty & Grooming,canceled
ORD0001348,1349,438,2024-06-17 12:00:00,422.75,4,1691.0,0.0,cod,Women's Fashion,complete
ORD0001349,1350,92,2024-06-17 15:00:00,380.45,1,0.0,599.59,cod,Appliances,canceled
ORD0001350,1351,233,2024-06-17 18:00:00,3849.98,1,3849.98,0.0,Payaxis,Men's Fashion,canceled
ORD0001351,1352,219,2024-06-17 21:00:00,1427.5,2,2447.75,407.25,Payaxis,Mobiles & Tablets,complete
ORD0001352,1353,677,2024-06-18 00:00:00,800.77,4,3203.08,0.0,cod,Mobiles & Tablets,canceled
ORD0001353,1354,694,2024-06-18 03:00:00,544.32,4,2177.28,0.0,cod,Beauty & Grooming,complete
ORD0001354,1355,56,2024-06-18 06:00:00,747.83,2,1495.66,0.0,jazzwallet,Appliances,complete
ORD0001355,1356,110,2024-06-18 09:00:00,449.02,3,1347.06,0.0,cod,Men's Fashion,complete
ORD0001356,1357,512,2024-06-18 12:00:00,2127.19,4,7987.94,520.82,easypay_voucher,Appliances,complete
ORD0001357,1358,209,2024-06-18 15:00:00,612.43,4,2353.37,96.35,cod,Mobiles & Tablets,complete
ORD0001358,1359,451,2024-06-18 18:00:00,2490.28,1,2490.28,0.0,Payaxis,Mobiles & Tablets,canceled
ORD0001359,1360,644,2024-06-18 21:00:00,812.02,4,3248.08,0.0,cod,Women's Fashion,complete
ORD0001360,1361,114,2024-06-19 00:00:00,501.44,4,2005.76,0.0,Payaxis,Appliances,complete
ORD0001361,1362,674,2024-06-19 03:00:00,796.54,3,2389.62,0.0,cod,Beauty & Grooming,canceled
ORD0001362,1363,37,2024-06-19 06:00:00,153.22,3,459.66,0.0,easypay_voucher,Appliances,complete
ORD0001363,1364,160,2024-06-19 09:00:00,1001.67,2,2003.34,0.0,cod,Men's Fashion,canceled
ORD0001364,1365,355,2024-06-19 12:00:00,965.27,4,3861.08,0.0,cod,Beauty & Grooming,complete
ORD0001365,1366,616,2024-06-19 15:00:00,2035.62,4,8114.41,28.07,easypay_voucher,Women's Fashion,complete
ORD0001366,1367,388,2024-06-19 18:00:00,266.47,3,222.57,576.84,cod,Beauty & Grooming,complete
ORD0001367,1368,98,2024-06-19 21:00:00,2621.23,3,7863.69,0.0,cod,Mobiles & Tablets,complete
ORD0001368,1369,174,2024-06-20 00:00:00,2029.31,2,4058.62,0.0,cod,Mobiles & Tablets,complete
ORD0001369,1370,533,2024-06-20 03:00:00,2804.65,3,8413.95,0.0,cod,Mobiles & Tablets,complete
ORD0001370,1371,393,2024-06-20 06:00:00,1054.12,1,784.63,269.49,cod,Beauty & Grooming,canceled
ORD0001371,1372,10,2024-06-20 09:00:00,2345.9,4,9192.83,190.77,jazzwallet,Mobiles & Tablets,complete
ORD0001372,1373,351,2024-06-20 12:00:00,363.79,3,1091.37,0.0,cod,Beauty & Grooming,canceled
ORD0001373,1374,285,2024-06-20 15:00:00,1872.04,3,5616.12,0.0,Payaxis,Appliances,canceled
ORD0001374,1375,1,2024-06-20 18:00:00,615.0,1,358.0,257.0,jazzwallet,Mobiles & Tablets,canceled
ORD0001375,1376,173,2024-06-20 21:00:00,317.81,3,734.37,219.06,cod,Beauty & Grooming,canceled
ORD0001376,1377,654,2024-06-21 00:00:00,471.96,1,257.73,214.23,easypay_voucher,Mobiles & Tablets,complete
ORD0001377,1378,493,2024-06-21 03:00:00,1101.19,4,4404.76,0.0,jazzwallet,Mobiles & Tablets,complete
ORD0001378,1379,50,2024-06-21 06:00:00,590.98,3,1772.94,0.0,easypay_voucher,Women's Fashion,complete
ORD0001379,1380,12,2024-06-21 09:00:00,1453.97,2,2907.94,0.0,cod,Men's Fashion,complete
ORD0001380,1381,242,2024-06-21 12:00:00,282.54,4,499.43,630.73,cod,Men's Fashion,complete
ORD0001381,1382,325,2024-06-21 15:00:00,222.44,4,889.76,0.0,cod,Mobiles & Tablets,canceled
ORD0001382,1383,317,2024-06-21 18:00:00,3069.56,1,3069.56,0.0,easypay_voucher,Appliances,canceled
ORD0001383,1384,488,2024-06-21 21:00:00,2159.97,1,1725.42,434.55,jazzwallet,Mobiles & Tablets,complete
ORD0001384,1385,122,2024-06-22 00:00:00,499.21,2,328.45,669.97,jazzwallet,Men's Fashion,canceled
ORD0001385,1386,33,2024-06-22 03:00:00,1094.17,1,1094.17,0.0,cod,Women's Fashion,canceled
ORD0001386,1387,471,2024-06-22 06:00:00,2355.79,3,6773.54,293.83,Payaxis,Women's Fashion,complete
ORD0001387,1388,628,2024-06-22 09:00:00,1501.77,3,4505.31,0.0,cod,Appliances,complete
ORD0001388,1389,118,2024-06-22 12:00:00,1225.58,3,3676.74,0.0,jazzwallet,Men's Fashion,canceled
ORD0001389,1390,253,2024-06-22 15:00:00,2493.31,1,2493.31,0.0,cod,Appliances,complete
ORD0001390,1391,439,2024-06-22 18:00:00,633.95,4,2535.8,0.0,jazzwallet,Appliances,complete
ORD0001391,1392,116,2024-06-22 21:00:00,1122.58,4,4490.32,0.0,Payaxis,Men's Fashion,complete
ORD0001392,1393,602,2024-06-23 00:00:00,1082.05,3,2527.63,718.52,cod,Men's Fashion,canceled
ORD0001393,1394,158,2024-06-23 03:00:00,893.75,1,893.75,0.0,cod,Women's Fashion,complete
ORD0001394,1395,373,2024-06-23 06:00:00,818.64,2,1243.09,394.19,Payaxis,Women's Fashion,complete
ORD0001395,1396,237,2024-06-23 09:00:00,1158.23,3,3474.69,0.0,cod,Mobiles & Tablets,canceled
ORD0001396,1397,467,2024-06-23 12:00:00,1125.3,3,3375.9,0.0,easypay_voucher,Women's Fashion,complete
ORD0001397,1398,139,2024-06-23 15:00:00,499.54,1,499.54,0.0,jazzwallet,Mobiles & Tablets,complete
ORD0001398,1399,69,2024-06-23 18:00:00,2000.89,4,8003.56,0.0,easypay_voucher,Women's Fashion,canceled
ORD0001399,1400,357,2024-06-23 21:00:00,527.27,4,1521.6,587.48,cod,Beauty & Grooming,canceled
ORD0001400,1401,605,2024-06-24 00:00:00,931.06,3,2793.18,0.0,cod,Women's Fashion,complete
ORD0001401,1402,443,2024-06-24 03:00:00,878.78,2,1471.14,286.42,cod,Appliances,complete
ORD0001402,1403,529,2024-06-24 06:00:00,1434.51,3,4303.53,0.0,jazzwallet,Men's Fashion,canceled
ORD0001403,1404,303,2024-06-24 09:00:00,223.78,1,223.78,0.0,cod,Beauty & Grooming,complete
ORD0001404,1405,98,2024-06-24 12:00:00,2139.19,3,6417.57,0.0,cod,Beauty & Grooming,canceled
ORD0001405,1406,299,2024-06-24 15:00:00,660.01,1,660.01,0.0,cod,Beauty & Grooming,complete
ORD0001406,1407,691,2024-06-24 18:00:00,2737.97,1,2737.97,0.0,jazzwallet,Appliances,complete
ORD0001407,1408,547,2024-06-24 21:00:00,766.15,3,2233.08,65.37,cod,Appliances,complete
ORD0001408,1409,492,2024-06-25 00:00:00,1057.19,3,3128.44,43.13,jazzwallet,Women's Fashion,complete
ORD0001409,1410,211,2024-06-25 03:00:00,4607.03,4,18408.59,19.53,Payaxis,Beauty & Grooming,canceled
ORD0001410,1411,420,2024-06-25 06:00:00,890.69,3,2549.77,122.3,Payaxis,Beauty & Grooming,complete
ORD0001411,1412,436,2024-06-25 09:00:00,2777.03,4,11108.12,0.0,jazzwallet,Women's Fashion,complete
ORD0001412,1413,458,2024-06-25 12:00:00,1129.22,4,4516.88,0.0,jazzwallet,Mobiles & Tablets,canceled
ORD0001413,1414,625,2024-06-25 15:00:00,1497.52,2,2995.04,0.0,jazzwallet,Mobiles & Tablets,complete
ORD0001414,1415,477,2024-06-25 18:00:00,1155.71,4,4622.84,0.0,cod,Men's Fashion,complete
ORD0001415,1416,155,2024-06-25 21:00:00,2071.21,2,4142.42,0.0,Payaxis,Mobiles & Tablets,complete
ORD0001416,1417,155,2024-06-26 00:00:00,655.8,3,1967.4,0.0,easypay_voucher,Men's Fashion,complete
ORD0001417,1418,434,2024-06-26 03:00:00,524.25,1,524.25,0.0,easypay_voucher,Mobiles & Tablets,complete
ORD0001418,1419,606,2024-06-26 06:00:00,679.3,1,679.3,0.0,jazzwallet,Beauty & Grooming,canceled
ORD0001419,1420,663,2024-06-26 09:00:00,1181.79,3,3545.37,0.0,jazzwallet,Mobiles & Tablets,complete
ORD0001420,1421,427,2024-06-26 12:00:00,929.26,2,1094.74,763.78,Payaxis,Appliances,complete
ORD0001421,1422,371,2024-06-26 15:00:00,1868.15,3,5604.45,0.0,easypay_voucher,Men's Fashion,complete
ORD0001422,1423,571,2024-06-26 18:00:00,2917.69,1,2731.14,186.55,cod,Mobiles & Tablets,complete
ORD0001423,1424,683,2024-06-26 21:00:00,527.49,2,1054.98,0.0,cod,Appliances,canceled
ORD0001424,1425,20,2024-06-27 00:00:00,632.41,3,1897.23,0.0,cod,Beauty & Grooming,complete
ORD0001425,1426,217,2024-06-27 03:00:00,373.46,3,1098.99,21.39,cod,Appliances,complete
ORD0001426,1427,234,2024-06-27 06:00:00,5028.01,4,20089.5,22.54,cod,Beauty & Grooming,canceled
ORD0001427,1428,395,2024-06-27 09:00:00,1378.16,4,5512.64,0.0,cod,Women's Fashion,complete
ORD0001428,1429,207,2024-06-27 12:00:00,1571.6,4,6286.4,0.0,Payaxis,Appliances,complete
ORD0001429,1430,218,2024-06-27 15:00:00,401.35,1,401.35,0.0,cod,Mobiles & Tablets,complete
ORD0001430,1431,18,2024-06-27 18:00:00,1095.67,3,3287.01,0.0,jazzwallet,Beauty & Grooming,complete
ORD0001431,1432,3,2024-06-27 21:00:00,1606.7,1,1606.7,0.0,easypay_voucher,Appliances,complete
ORD0001432,1433,315,2024-06-28 00:00:00,907.26,2,1814.52,0.0,cod,Men's Fashion,complete
ORD0001433,1434,698,2024-06-28 03:00:00,2457.2,1,2457.2,0.0,cod,Men's Fashion,canceled
ORD0001434,1435,207,2024-06-28 06:00:00,6209.73,2,12419.46,0.0,cod,Appliances,complete
ORD0001435,1436,168,2024-06-28 09:00:00,538.99,1,123.01,415.98,jazzwallet,Mobiles & Tablets,canceled
ORD0001436,1437,185,2024-06-28 12:00:00,509.5,3,1528.5,0.0,cod,Beauty & Grooming,complete
ORD0001437,1438,681,2024-06-28 15:00:00,567.75,1,77.39,490.36,easypay_voucher,Men's Fashion,complete
ORD0001438,1439,465,2024-06-28 18:00:00,3657.92,3,10265.26,708.5,jazzwallet,Mobiles & Tablets,canceled
ORD0001439,1440,457,2024-06-28 21:00:00,2396.5,3,7189.5,0.0,jazzwallet,Men's Fashion,canceled
ORD0001440,1441,133,2024-06-29 00:00:00,990.64,1,601.07,389.57,cod,Beauty & Grooming,complete
ORD0001441,1442,632,2024-06-29 03:00:00,1127.12,1,1127.12,0.0,cod,Men's Fashion,canceled
ORD0001442,1443,138,2024-06-29 06:00:00,594.42,4,2377.68,0.0,cod,Women's Fashion,canceled
ORD0001443,1444,677,2024-06-29 09:00:00,2137.77,3,6168.59,244.72,cod,Beauty & Grooming,canceled
ORD0001444,1445,666,2024-06-29 12:00:00,824.74,2,1649.48,0.0,cod,Mobiles & Tablets,canceled
ORD0001445,1446,397,2024-06-29 15:00:00,902.3,4,3609.2,0.0,easypay_voucher,Appliances,complete
ORD0001446,1447,607,2024-06-29 18:00:00,1731.24,1,1731.24,0.0,jazzwallet,Men's Fashion,complete
ORD0001447,1448,699,2024-06-29 21:00:00,952.42,4,3711.25,98.43,easypay_voucher,Appliances,complete
ORD0001448,1449,406,2024-06-30 00:00:00,919.45,1,919.45,0.0,easypay_voucher,Mobiles & Tablets,canceled
ORD0001449,1450,537,2024-06-30 03:00:00,1105.37,3,3316.11,0.0,cod,Mobiles & Tablets,canceled
ORD0001450,1451,413,2024-06-30 06:00:00,1991.25,1,1991.25,0.0,Payaxis,Appliances,complete
ORD0001451,1452,367,2024-06-30 09:00:00,3770.15,1,3770.15,0.0,easypay_voucher,Beauty & Grooming,canceled
ORD0001452,1453,234,2024-06-30 12:00:00,1701.24,2,3402.48,0.0,jazzwallet,Beauty & Grooming,canceled
ORD0001453,1454,458,2024-06-30 15:00:00,2003.17,1,2003.17,0.0,jazzwallet,Appliances,canceled
ORD0001454,1455,187,2024-06-30 18:00:00,943.98,2,1564.15,323.81,cod,Women's Fashion,canceled
ORD0001455,1456,136,2024-06-30 21:00:00,644.94,1,644.94,0.0,cod,Mobiles & Tablets,complete
ORD0001456,1457,193,2024-07-01 00:00:00,1790.93,1,1790.93,0.0,cod,Men's Fashion,canceled
ORD0001457,1458,8,2024-07-01 03:00:00,1246.92,4,4987.68,0.0,cod,Appliances,complete
ORD0001458,1459,653,2024-07-01 06:00:00,377.3,4,1509.2,0.0,jazzwallet,Men's Fashion,complete
ORD0001459,1460,180,2024-07-01 09:00:00,857.44,4,3429.76,0.0,cod,Women's Fashion,complete
ORD0001460,1461,560,2024-07-01 12:00:00,1030.53,1,1030.53,0.0,Payaxis,Mobiles & Tablets,canceled
ORD0001461,1462,305,2024-07-01 15:00:00,747.82,2,1495.64,0.0,easypay_voucher,Women's Fashion,complete
ORD0001462,1463,238,2024-07-01 18:00:00,3331.91,2,6047.07,616.75,cod,Men's Fashion,complete
ORD0001463,1464,160,2024-07-01 21:00:00,1571.65,2,2661.45,481.85,cod,Mobiles & Tablets,complete
ORD0001464,1465,574,2024-07-02 00:00:00,3071.38,2,5680.62,462.14,easypay_voucher,Mobiles & Tablets,complete
ORD0001465,1466,360,2024-07-02 03:00:00,1336.18,3,4008.54,0.0,Payaxis,Women's Fashion,canceled
ORD0001466,1467,315,2024-07-02 06:00:00,1165.66,2,2331.32,0.0,cod,Men's Fashion,complete
ORD0001467,1468,460,2024-07-02 09:00:00,543.24,2,1086.48,0.0,cod,Mobiles & Tablets,complete
ORD0001468,1469,562,2024-07-02 12:00:00,1106.49,4,4425.96,0.0,Payaxis,Women's Fashion,canceled
ORD0001469,1470,459,2024-07-02 15:00:00,1107.42,4,4236.2,193.48,cod,Mobiles & Tablets,canceled
ORD0001470,1471,328,2024-07-02 18:00:00,393.34,2,786.68,0.0,jazzwallet,Mobiles & Tablets,complete
ORD0001471,1472,625,2024-07-02 21:00:00,731.69,1,731.69,0.0,cod,Mobiles & Tablets,canceled
ORD0001472,1473,627,2024-07-03 00:00:00,860.52,3,2581.56,0.0,cod,Women's Fashion,complete
ORD0001473,1474,676,2024-07-03 03:00:00,1495.34,2,2344.78,645.9,easypay_voucher,Beauty & Grooming,complete
ORD0001474,1475,64,2024-07-03 06:00:00,1550.0,4,5526.29,673.71,easypay_voucher,Men's Fashion,complete
ORD0001475,1476,623,2024-07-03 09:00:00,709.11,2,1378.57,39.65,easypay_voucher,Men's Fashion,canceled
ORD0001476,1477,136,2024-07-03 12:00:00,1558.77,1,1558.77,0.0,cod,Men's Fashion,complete
ORD0001477,1478,434,2024-07-03 15:00:00,956.65,1,956.65,0.0,jazzwallet,Men's Fashion,complete
ORD0001478,1479,460,2024-07-03 18:00:00,127.46,1,0.0,290.58,easypay_voucher,Appliances,complete
ORD0001479,1480,144,2024-07-03 21:00:00,762.4,2,968.14,556.66,cod,Men's Fashion,canceled
ORD0001480,1481,6,2024-07-04 00:00:00,2463.26,2,4455.12,471.4,cod,Appliances,canceled
ORD0001481,1482,660,2024-07-04 03:00:00,310.64,4,1242.56,0.0,cod,Beauty & Grooming,canceled
ORD0001482,1483,623,2024-07-04 06:00:00,1193.35,4,4773.4,0.0,easypay_voucher,Beauty & Grooming,canceled
ORD0001483,1484,123,2024-07-04 09:00:00,3600.92,1,3600.92,0.0,cod,Women's Fashion,complete
ORD0001484,1485,421,2024-07-04 12:00:00,619.89,4,2372.66,106.9,easypay_voucher,Appliances,canceled
ORD0001485,1486,106,2024-07-04 15:00:00,1098.4,3,3295.2,0.0,cod,Beauty & Grooming,canceled
ORD0001486,1487,397,2024-07-04 18:00:00,412.4,2,824.8,0.0,jazzwallet,Appliances,complete
ORD0001487,1488,222,2024-07-04 21:00:00,3716.08,2,7432.16,0.0,cod,Men's Fashion,canceled
ORD0001488,1489,526,2024-07-05 00:00:00,1030.19,2,2060.38,0.0,jazzwallet,Mobiles & Tablets,canceled
ORD0001489,1490,401,2024-07-05 03:00:00,1135.66,1,1135.66,0.0,cod,Mobiles & Tablets,complete
ORD0001490,1491,349,2024-07-05 06:00:00,3028.21,4,12112.84,0.0,cod,Beauty & Grooming,canceled
ORD0001491,1492,477,2024-07-05 09:00:00,1801.02,1,1801.02,0.0,Payaxis,Women's Fashion,complete
ORD0001492,1493,333,2024-07-05 12:00:00,568.66,1,0.0,575.72,easypay_voucher,Men's Fashion,complete
ORD0001493,1494,10,2024-07-05 15:00:00,674.88,2,1349.76,0.0,Payaxis,Men's Fashion,complete
ORD0001494,1495,417,2024-07-05 18:00:00,1589.54,1,1589.54,0.0,cod,Men's Fashion,complete
ORD0001495,1496,544,2024-07-05 21:00:00,686.71,1,686.71,0.0,easypay_voucher,Beauty & Grooming,complete
ORD0001496,1497,343,2024-07-06 00:00:00,224.09,2,448.18,0.0,jazzwallet,Appliances,complete
ORD0001497,1498,123,2024-07-06 03:00:00,1053.71,2,2107.42,0.0,easypay_voucher,Beauty & Grooming,complete
ORD0001498,1499,6,2024-07-06 06:00:00,361.35,1,238.64,122.71,cod,Men's Fashion,complete
ORD0001499,1500,208,2024-07-06 09:00:00,3685.68,4,14742.72,0.0,Payaxis,Women's Fashion,complete
ORD0001500,1501,537,2024-07-06 12:00:00,1252.12,4,5008.48,0.0,Payaxis,Mobiles & Tablets,complete
ORD0001501,1502,226,2024-07-06 15:00:00,556.19,3,1668.57,0.0,jazzwallet,Beauty & Grooming,canceled
ORD0001502,1503,669,2024-07-06 18:00:00,649.38,3,1948.14,0.0,cod,Women's Fashion,complete
ORD0001503,1504,233,2024-07-06 21:00:00,265.86,4,588.91,474.53,cod,Women's Fashion,canceled
ORD0001504,1505,299,2024-07-07 00:00:00,480.78,2,295.55,666.01,Payaxis,Women's Fashion,complete
ORD0001505,1506,532,2024-07-07 03:00:00,2350.17,2,3905.67,794.67,easypay_voucher,Men's Fashion,complete
ORD0001506,1507,430,2024-07-07 06:00:00,5847.91,1,5847.91,0.0,Payaxis,Beauty & Grooming,complete
ORD0001507,1508,29,2024-07-07 09:00:00,1890.88,3,5672.64,0.0,cod,Women's Fashion,canceled
ORD0001508,1509,54,2024-07-07 12:00:00,1023.48,1,1023.48,0.0,cod,Appliances,complete
ORD0001509,1510,138,2024-07-07 15:00:00,793.16,3,2325.07,54.41,Payaxis,Mobiles & Tablets,complete
ORD0001510,1511,610,2024-07-07 18:00:00,535.19,4,2140.76,0.0,cod,Men's Fashion,canceled
ORD0001511,1512,16,2024-07-07 21:00:00,5140.08,1,5140.08,0.0,cod,Beauty & Grooming,canceled
ORD0001512,1513,51,2024-07-08 00:00:00,951.88,3,2324.13,531.51,easypay_voucher,Mobiles & Tablets,complete
ORD0001513,1514,545,2024-07-08 03:00:00,5360.02,2,10275.8,444.24,Payaxis,Mobiles & Tablets,canceled
ORD0001514,1515,436,2024-07-08 06:00:00,3118.6,2,6237.2,0.0,jazzwallet,Beauty & Grooming,complete
ORD0001515,1516,688,2024-07-08 09:00:00,297.2,3,891.6,0.0,cod,Men's Fashion,complete
ORD0001516,1517,154,2024-07-08 12:00:00,665.5,1,398.85,266.65,cod,Men's Fashion,canceled
ORD0001517,1518,462,2024-07-08 15:00:00,663.96,4,2349.64,306.2,jazzwallet,Women's Fashion,complete
ORD0001518,1519,95,2024-07-08 18:00:00,1032.89,2,1373.27,692.51,cod,Mobiles & Tablets,canceled
ORD0001519,1520,413,2024-07-08 21:00:00,1048.13,2,1318.49,777.77,cod,Mobiles & Tablets,canceled
ORD0001520,1521,75,2024-07-09 00:00:00,10375.26,4,40879.95,621.09,cod,Mobiles & Tablets,canceled
ORD0001521,1522,635,2024-07-09 03:00:00,488.86,1,488.86,0.0,easypay_voucher,Mobiles & Tablets,canceled
ORD0001522,1523,291,2024-07-09 06:00:00,1302.09,2,2604.18,0.0,jazzwallet,Mobiles & Tablets,complete
ORD0001523,1524,179,2024-07-09 09:00:00,1741.29,4,6965.16,0.0,Payaxis,Appliances,complete
ORD0001524,1525,689,2024-07-09 12:00:00,1095.34,2,2190.68,0.0,Payaxis,Men's Fashion,canceled
ORD0001525,1526,47,2024-07-09 15:00:00,1191.1,1,1191.1,0.0,cod,Mobiles & Tablets,complete
ORD0001526,1527,560,2024-07-09 18:00:00,500.89,2,280.95,720.83,cod,Mobiles & Tablets,complete
ORD0001527,1528,357,2024-07-09 21:00:00,1187.81,4,4214.66,536.58,cod,Women's Fashion,canceled
ORD0001528,1529,481,2024-07-10 00:00:00,1609.29,4,6103.78,333.38,cod,Beauty & Grooming,complete
ORD0001529,1530,182,2024-07-10 03:00:00,1402.06,4,5608.24,0.0,cod,Men's Fashion,complete
ORD0001530,1531,617,2024-07-10 06:00:00,1681.85,2,3363.7,0.0,cod,Mobiles & Tablets,complete
ORD0001531,1532,316,2024-07-10 09:00:00,3163.57,4,12654.28,0.0,cod,Men's Fashion,canceled
ORD0001532,1533,293,2024-07-10 12:00:00,2214.37,2,4428.74,0.0,easypay_voucher,Women's Fashion,complete
ORD0001533,1534,319,2024-07-10 15:00:00,1156.87,4,4627.48,0.0,Payaxis,Mobiles & Tablets,complete
ORD0001534,1535,208,2024-07-10 18:00:00,455.4,4,1142.53,679.07,cod,Beauty & Grooming,canceled
ORD0001535,1536,223,2024-07-10 21:00:00,699.24,1,699.24,0.0,easypay_voucher,Appliances,complete
ORD0001536,1537,98,2024-07-11 00:00:00,930.09,4,3720.36,0.0,Payaxis,Men's Fashion,complete
ORD0001537,1538,340,2024-07-11 03:00:00,1325.12,3,3975.36,0.0,Payaxis,Beauty & Grooming,complete
ORD0001538,1539,332,2024-07-11 06:00:00,766.05,3,2298.15,0.0,Payaxis,Men's Fashion,canceled
ORD0001539,1540,266,2024-07-11 09:00:00,543.59,4,2174.36,0.0,cod,Mobiles & Tablets,complete
ORD0001540,1541,689,2024-07-11 12:00:00,449.82,1,0.0,510.72,Payaxis,Beauty & Grooming,canceled
ORD0001541,1542,80,2024-07-11 15:00:00,317.86,3,953.58,0.0,cod,Beauty & Grooming,canceled
ORD0001542,1543,637,2024-07-11 18:00:00,919.46,1,919.46,0.0,cod,Men's Fashion,complete
ORD0001543,1544,606,2024-07-11 21:00:00,364.22,2,728.44,0.0,cod,Women's Fashion,canceled
ORD0001544,1545,16,2024-07-12 00:00:00,517.81,1,517.81,0.0,cod,Mobiles & Tablets,complete
ORD0001545,1546,491,2024-07-12 03:00:00,816.13,1,816.13,0.0,cod,Appliances,complete
ORD0001546,1547,147,2024-07-12 06:00:00,402.65,4,1610.6,0.0,cod,Appliances,complete
ORD0001547,1548,29,2024-07-12 09:00:00,1457.99,2,2915.98,0.0,Payaxis,Appliances,complete
ORD0001548,1549,602,2024-07-12 12:00:00,1910.59,2,3821.18,0.0,cod,Women's Fashion,complete
ORD0001549,1550,81,2024-07-12 15:00:00,726.28,2,1452.56,0.0,cod,Appliances,complete
ORD0001550,1551,209,2024-07-12 18:00:00,790.16,3,2100.86,269.62,cod,Women's Fashion,complete
ORD0001551,1552,68,2024-07-12 21:00:00,1641.02,3,4923.06,0.0,cod,Beauty & Grooming,complete
ORD0001552,1553,100,2024-07-13 00:00:00,641.95,3,1925.85,0.0,cod,Mobiles & Tablets,canceled
ORD0001553,1554,44,2024-07-13 03:00:00,609.69,4,2438.76,0.0,cod,Women's Fashion,canceled
ORD0001554,1555,589,2024-07-13 06:00:00,2690.21,2,5380.42,0.0,cod,Women's Fashion,complete
ORD0001555,1556,42,2024-07-13 09:00:00,2128.43,4,8513.72,0.0,Payaxis,Women's Fashion,canceled
ORD0001556,1557,531,2024-07-13 12:00:00,1721.86,4,6887.44,0.0,jazzwallet,Mobiles & Tablets,complete
ORD0001557,1558,110,2024-07-13 15:00:00,2195.65,3,6047.83,539.12,easypay_voucher,Men's Fashion,canceled
ORD0001558,1559,640,2024-07-13 18:00:00,248.9,1,248.9,0.0,easypay_voucher,Beauty & Grooming,complete
ORD0001559,1560,593,2024-07-13 21:00:00,3027.15,2,6054.3,0.0,jazzwallet,Mobiles & Tablets,complete
ORD0001560,1561,440,2024-07-14 00:00:00,1471.51,3,4247.15,167.38,jazzwallet,Appliances,complete
ORD0001561,1562,579,2024-07-14 03:00:00,2340.42,2,4680.84,0.0,easypay_voucher,Appliances,canceled
ORD0001562,1563,209,2024-07-14 06:00:00,1466.12,2,2676.12,256.12,jazzwallet,Women's Fashion,complete
ORD0001563,1564,548,2024-07-14 09:00:00,1137.62,2,2275.24,0.0,jazzwallet,Mobiles & Tablets,complete
ORD0001564,1565,155,2024-07-14 12:00:00,892.05,1,349.78,542.27,Payaxis,Mobiles & Tablets,canceled
ORD0001565,1566,430,2024-07-14 15:00:00,1444.27,1,1444.27,0.0,cod,Men's Fashion,canceled
ORD0001566,1567,643,2024-07-14 18:00:00,868.0,4,3472.0,0.0,cod,Mobiles & Tablets,complete
ORD0001567,1568,506,2024-07-14 21:00:00,2102.55,1,2102.55,0.0,cod,Mobiles & Tablets,complete
ORD0001568,1569,189,2024-07-15 00:00:00,333.67,4,945.07,389.61,cod,Mobiles & Tablets,canceled
ORD0001569,1570,517,2024-07-15 03:00:00,730.56,2,1461.12,0.0,easypay_voucher,Mobiles & Tablets,complete
ORD0001570,1571,618,2024-07-15 06:00:00,5082.8,4,20331.2,0.0,cod,Beauty & Grooming,canceled
ORD0001571,1572,622,2024-07-15 09:00:00,685.7,2,1371.4,0.0,easypay_voucher,Appliances,canceled
ORD0001572,1573,517,2024-07-15 12:00:00,916.89,4,2937.93,729.63,easypay_voucher,Mobiles & Tablets,complete
ORD0001573,1574,512,2024-07-15 15:00:00,565.7,3,920.41,776.69,Payaxis,Appliances,canceled
ORD0001574,1575,549,2024-07-15 18:00:00,1410.76,4,5643.04,0.0,cod,Mobiles & Tablets,complete
ORD0001575,1576,515,2024-07-15 21:00:00,631.31,1,631.31,0.0,cod,Women's Fashion,canceled
ORD0001576,1577,94,2024-07-16 00:00:00,954.12,4,3492.39,324.09,Payaxis,Mobiles & Tablets,complete
ORD0001577,1578,563,2024-07-16 03:00:00,2072.79,2,4145.58,0.0,jazzwallet,Mobiles & Tablets,complete
ORD0001578,1579,126,2024-07-16 06:00:00,649.32,2,826.48,472.16,jazzwallet,Mobiles & Tablets,canceled
ORD0001579,1580,389,2024-07-16 09:00:00,1981.2,1,1981.2,0.0,jazzwallet,Women's Fashion,complete
ORD0001580,1581,238,2024-07-16 12:00:00,2031.79,4,7660.8,466.36,jazzwallet,Women's Fashion,complete
ORD0001581,1582,149,2024-07-16 15:00:00,2419.26,3,7257.78,0.0,cod,Men's Fashion,canceled
ORD0001582,1583,198,2024-07-16 18:00:00,1218.54,4,4874.16,0.0,cod,Appliances,complete
ORD0001583,1584,60,2024-07-16 21:00:00,12468.3,3,36737.69,667.21,cod,Appliances,canceled
ORD0001584,1585,308,2024-07-17 00:00:00,2418.49,1,2080.94,337.55,easypay_voucher,Appliances,complete
ORD0001585,1586,293,2024-07-17 03:00:00,1399.2,2,2798.4,0.0,jazzwallet,Women's Fashion,complete
ORD0001586,1587,282,2024-07-17 06:00:00,568.53,2,1137.06,0.0,cod,Women's Fashion,canceled
ORD0001587,1588,65,2024-07-17 09:00:00,1019.64,1,1019.64,0.0,easypay_voucher,Women's Fashion,complete
ORD0001588,1589,425,2024-07-17 12:00:00,3196.29,4,12785.16,0.0,cod,Men's Fashion,complete
ORD0001589,1590,119,2024-07-17 15:00:00,3952.69,4,15810.76,0.0,cod,Women's Fashion,complete
ORD0001590,1591,599,2024-07-17 18:00:00,3323.41,3,9970.23,0.0,cod,Mobiles & Tablets,canceled
ORD0001591,1592,17,2024-07-17 21:00:00,1976.13,3,5404.37,524.02,cod,Beauty & Grooming,canceled
ORD0001592,1593,39,2024-07-18 00:00:00,427.63,3,1166.33,116.56,jazzwallet,Men's Fashion,complete
ORD0001593,1594,210,2024-07-18 03:00:00,1580.3,3,4740.9,0.0,cod,Appliances,canceled
ORD0001594,1595,286,2024-07-18 06:00:00,432.23,1,0.0,617.63,Payaxis,Beauty & Grooming,complete
ORD0001595,1596,679,2024-07-18 09:00:00,359.39,3,1078.17,0.0,Payaxis,Women's Fashion,complete
ORD0001596,1597,368,2024-07-18 12:00:00,1312.08,4,5248.32,0.0,cod,Beauty & Grooming,complete
ORD0001597,1598,265,2024-07-18 15:00:00,1623.6,4,6494.4,0.0,cod,Women's Fashion,complete
ORD0001598,1599,586,2024-07-18 18:00:00,2159.29,3,6477.87,0.0,Payaxis,Mobiles & Tablets,canceled
ORD0001599,1600,169,2024-07-18 21:00:00,1592.17,4,6368.68,0.0,cod,Mobiles & Tablets,canceled
ORD0001600,1601,628,2024-07-19 00:00:00,1633.84,3,4901.52,0.0,jazzwallet,Mobiles & Tablets,complete
ORD0001601,1602,283,2024-07-19 03:00:00,524.01,2,336.82,711.2,cod,Beauty & Grooming,complete
ORD0001602,1603,219,2024-07-19 06:00:00,1013.6,2,1662.16,365.04,Payaxis,Women's Fashion,complete
ORD0001603,1604,211,2024-07-19 09:00:00,354.13,3,526.77,535.62,Payaxis,Men's Fashion,canceled
ORD0001604,1605,7,2024-07-19 12:00:00,244.07,4,623.07,353.21,cod,Women's Fashion,complete
ORD0001605,1606,472,2024-07-19 15:00:00,1911.19,1,1911.19,0.0,cod,Men's Fashion,canceled
ORD0001606,1607,404,2024-07-19 18:00:00,623.38,2,866.9,379.86,jazzwallet,Beauty & Grooming,complete
ORD0001607,1608,444,2024-07-19 21:00:00,2109.85,3,5708.22,621.33,cod,Beauty & Grooming,canceled
ORD0001608,1609,456,2024-07-20 00:00:00,2518.1,4,10072.4,0.0,cod,Mobiles & Tablets,complete
ORD0001609,1610,20,2024-07-20 03:00:00,689.19,2,1378.38,0.0,cod,Appliances,complete
ORD0001610,1611,614,2024-07-20 06:00:00,1707.41,3,5122.23,0.0,cod,Men's Fashion,complete
ORD0001611,1612,358,2024-07-20 09:00:00,667.9,1,667.9,0.0,Payaxis,Mobiles & Tablets,complete
ORD0001612,1613,484,2024-07-20 12:00:00,274.68,2,549.36,0.0,Payaxis,Beauty & Grooming,canceled
ORD0001613,1614,26,2024-07-20 15:00:00,1202.89,4,4520.08,291.48,cod,Mobiles & Tablets,complete
ORD0001614,1615,532,2024-07-20 18:00:00,770.35,3,2311.05,0.0,Payaxis,Men's Fashion,complete
ORD0001615,1616,474,2024-07-20 21:00:00,788.34,4,2791.9,361.46,cod,Mobiles & Tablets,complete
ORD0001616,1617,258,2024-07-21 00:00:00,4824.72,1,4824.72,0.0,cod,Women's Fashion,complete
ORD0001617,1618,655,2024-07-21 03:00:00,349.19,2,698.38,0.0,easypay_voucher,Women's Fashion,complete
ORD0001618,1619,455,2024-07-21 06:00:00,1461.4,4,5845.6,0.0,jazzwallet,Men's Fashion,canceled
ORD0001619,1620,635,2024-07-21 09:00:00,520.03,4,2080.12,0.0,cod,Mobiles & Tablets,canceled
ORD0001620,1621,575,2024-07-21 12:00:00,2167.21,4,8668.84,0.0,cod,Mobiles & Tablets,canceled
ORD0001621,1622,144,2024-07-21 15:00:00,1371.72,2,2743.44,0.0,easypay_voucher,Beauty & Grooming,complete
ORD0001622,1623,697,2024-07-21 18:00:00,1457.54,4,5830.16,0.0,Payaxis,Beauty & Grooming,complete
ORD0001623,1624,520,2024-07-21 21:00:00,539.87,2,1079.74,0.0,cod,Beauty & Grooming,complete
ORD0001624,1625,133,2024-07-22 00:00:00,617.58,4,2470.32,0.0,cod,Women's Fashion,canceled
ORD0001625,1626,555,2024-07-22 03:00:00,2198.3,4,8196.17,597.03,Payaxis,Women's Fashion,complete
ORD0001626,1627,300,2024-07-22 06:00:00,4138.54,2,8277.08,0.0,cod,Appliances,complete
ORD0001627,1628,605,2024-07-22 09:00:00,1572.2,2,2933.99,210.41,cod,Appliances,canceled
ORD0001628,1629,122,2024-07-22 12:00:00,559.44,4,2237.76,0.0,cod,Women's Fashion,complete
ORD0001629,1630,182,2024-07-22 15:00:00,1414.04,2,2151.29,676.79,cod,Men's Fashion,canceled
ORD0001630,1631,243,2024-07-22 18:00:00,6772.35,2,13544.7,0.0,cod,Women's Fashion,complete
ORD0001631,1632,316,2024-07-22 21:00:00,1184.19,3,3128.02,424.55,jazzwallet,Mobiles & Tablets,complete
ORD0001632,1633,442,2024-07-23 00:00:00,3282.57,4,12474.48,655.8,easypay_voucher,Mobiles & Tablets,complete
ORD0001633,1634,155,2024-07-23 03:00:00,629.39,1,629.39,0.0,Payaxis,Appliances,complete
ORD0001634,1635,494,2024-07-23 06:00:00,1062.56,4,3938.37,311.87,jazzwallet,Beauty & Grooming,complete
ORD0001635,1636,17,2024-07-23 09:00:00,1745.29,2,3490.58,0.0,cod,Mobiles & Tablets,complete
ORD0001636,1637,232,2024-07-23 12:00:00,1477.34,1,1477.34,0.0,cod,Mobiles & Tablets,complete
ORD0001637,1638,461,2024-07-23 15:00:00,617.21,2,1234.42,0.0,jazzwallet,Mobiles & Tablets,canceled
ORD0001638,1639,186,2024-07-23 18:00:00,597.56,2,1100.53,94.59,cod,Appliances,canceled
ORD0001639,1640,302,2024-07-23 21:00:00,2301.26,3,6903.78,0.0,Payaxis,Men's Fashion,complete
ORD0001640,1641,424,2024-07-24 00:00:00,2680.24,3,8040.72,0.0,Payaxis,Men's Fashion,complete
ORD0001641,1642,174,2024-07-24 03:00:00,3408.77,1,3408.77,0.0,cod,Mobiles & Tablets,canceled
ORD0001642,1643,675,2024-07-24 06:00:00,4242.67,2,8115.25,370.09,cod,Beauty & Grooming,canceled
ORD0001643,1644,593,2024-07-24 09:00:00,1213.14,1,1213.14,0.0,cod,Women's Fashion,complete
ORD0001644,1645,679,2024-07-24 12:00:00,868.35,2,1736.7,0.0,cod,Appliances,complete
ORD0001645,1646,347,2024-07-24 15:00:00,3020.7,3,9062.1,0.0,cod,Appliances,complete
ORD0001646,1647,241,2024-07-24 18:00:00,1872.07,4,7412.01,76.27,cod,Mobiles & Tablets,complete
ORD0001647,1648,696,2024-07-24 21:00:00,524.87,1,243.79,281.08,Payaxis,Beauty & Grooming,canceled
ORD0001648,1649,510,2024-07-25 00:00:00,505.11,3,841.18,674.15,jazzwallet,Women's Fashion,complete
ORD0001649,1650,555,2024-07-25 03:00:00,1585.96,2,3171.92,0.0,Payaxis,Appliances,canceled
ORD0001650,1651,128,2024-07-25 06:00:00,960.11,2,1920.22,0.0,cod,Men's Fashion,complete
ORD0001651,1652,608,2024-07-25 09:00:00,1075.11,3,3225.33,0.0,cod,Beauty & Grooming,canceled
ORD0001652,1653,370,2024-07-25 12:00:00,2451.36,1,2451.36,0.0,cod,Beauty & Grooming,canceled
ORD0001653,1654,541,2024-07-25 15:00:00,1937.74,4,6964.22,786.74,cod,Women's Fashion,canceled
ORD0001654,1655,577,2024-07-25 18:00:00,2973.23,2,5946.46,0.0,jazzwallet,Mobiles & Tablets,canceled
ORD0001655,1656,75,2024-07-25 21:00:00,257.58,1,0.0,438.3,cod,Beauty & Grooming,complete
ORD0001656,1657,70,2024-07-26 00:00:00,1326.17,4,4830.65,474.03,cod,Beauty & Grooming,complete
ORD0001657,1658,46,2024-07-26 03:00:00,1846.44,4,7385.76,0.0,jazzwallet,Women's Fashion,complete
ORD0001658,1659,450,2024-07-26 06:00:00,349.0,3,1009.44,37.56,cod,Women's Fashion,complete
ORD0001659,1660,640,2024-07-26 09:00:00,671.04,3,2013.12,0.0,cod,Men's Fashion,complete
ORD0001660,1661,22,2024-07-26 12:00:00,583.85,1,583.85,0.0,cod,Mobiles & Tablets,canceled
ORD0001661,1662,97,2024-07-26 15:00:00,1114.63,2,2229.26,0.0,easypay_voucher,Beauty & Grooming,complete
ORD0001662,1663,340,2024-07-26 18:00:00,3717.81,2,7435.62,0.0,Payaxis,Women's Fashion,canceled
ORD0001663,1664,274,2024-07-26 21:00:00,4998.74,4,19994.96,0.0,cod,Men's Fashion,canceled
ORD0001664,1665,72,2024-07-27 00:00:00,595.43,2,504.48,686.38,jazzwallet,Appliances,canceled
ORD0001665,1666,427,2024-07-27 03:00:00,1627.69,3,4883.07,0.0,jazzwallet,Mobiles & Tablets,canceled
ORD0001666,1667,633,2024-07-27 06:00:00,1667.53,2,3335.06,0.0,jazzwallet,Mobiles & Tablets,complete
ORD0001667,1668,149,2024-07-27 09:00:00,1466.63,3,4399.89,0.0,cod,Men's Fashion,canceled
ORD0001668,1669,2,2024-07-27 12:00:00,1479.17,1,810.01,669.16,cod,Women's Fashion,canceled
ORD0001669,1670,158,2024-07-27 15:00:00,1377.2,3,3404.93,726.67,jazzwallet,Men's Fashion,complete
ORD0001670,1671,130,2024-07-27 18:00:00,3888.11,1,3888.11,0.0,cod,Mobiles & Tablets,canceled
ORD0001671,1672,326,2024-07-27 21:00:00,2507.02,3,7521.06,0.0,easypay_voucher,Men's Fashion,complete
ORD0001672,1673,76,2024-07-28 00:00:00,495.16,1,495.16,0.0,Payaxis,Men's Fashion,complete
ORD0001673,1674,253,2024-07-28 03:00:00,1991.79,4,7967.16,0.0,cod,Women's Fashion,complete
ORD0001674,1675,84,2024-07-28 06:00:00,2141.54,4,8102.68,463.48,Payaxis,Women's Fashion,complete
ORD0001675,1676,473,2024-07-28 09:00:00,1388.84,3,4166.52,0.0,jazzwallet,Beauty & Grooming,canceled
ORD0001676,1677,328,2024-07-28 12:00:00,2562.06,4,9453.75,794.49,Payaxis,Beauty & Grooming,complete
ORD0001677,1678,53,2024-07-28 15:00:00,1262.76,4,4818.68,232.36,cod,Men's Fashion,canceled
ORD0001678,1679,31,2024-07-28 18:00:00,1274.55,1,1274.55,0.0,jazzwallet,Beauty & Grooming,complete
ORD0001679,1680,342,2024-07-28 21:00:00,1201.02,3,3603.06,0.0,easypay_voucher,Women's Fashion,complete
ORD0001680,1681,414,2024-07-29 00:00:00,241.37,2,482.74,0.0,Payaxis,Mobiles & Tablets,complete
ORD0001681,1682,122,2024-07-29 03:00:00,1032.46,4,4129.84,0.0,Payaxis,Men's Fashion,complete
ORD0001682,1683,227,2024-07-29 06:00:00,664.35,4,2657.4,0.0,Payaxis,Appliances,complete
ORD0001683,1684,425,2024-07-29 09:00:00,450.41,4,1801.64,0.0,cod,Beauty & Grooming,canceled
ORD0001684,1685,330,2024-07-29 12:00:00,3214.78,2,5741.68,687.88,cod,Men's Fashion,complete
ORD0001685,1686,82,2024-07-29 15:00:00,1600.63,1,1509.07,91.56,cod,Mobiles & Tablets,complete
ORD0001686,1687,274,2024-07-29 18:00:00,1072.37,1,1072.37,0.0,easypay_voucher,Mobiles & Tablets,complete
ORD0001687,1688,139,2024-07-29 21:00:00,717.95,1,717.95,0.0,easypay_voucher,Mobiles & Tablets,complete
ORD0001688,1689,648,2024-07-30 00:00:00,1369.4,4,5477.6,0.0,easypay_voucher,Appliances,canceled
ORD0001689,1690,562,2024-07-30 03:00:00,2306.71,3,6383.28,536.85,cod,Women's Fashion,complete
ORD0001690,1691,219,2024-07-30 06:00:00,589.8,2,1179.6,0.0,Payaxis,Women's Fashion,complete
ORD0001691,1692,165,2024-07-30 09:00:00,1092.67,2,2185.34,0.0,jazzwallet,Appliances,complete
ORD0001692,1693,95,2024-07-30 12:00:00,2102.85,1,2102.85,0.0,cod,Beauty & Grooming,canceled
ORD0001693,1694,516,2024-07-30 15:00:00,256.72,3,770.16,0.0,Payaxis,Appliances,complete
ORD0001694,1695,642,2024-07-30 18:00:00,1050.29,2,2100.58,0.0,Payaxis,Mobiles & Tablets,canceled
ORD0001695,1696,191,2024-07-30 21:00:00,794.75,4,2800.0,379.0,easypay_voucher,Women's Fashion,complete
ORD0001696,1697,448,2024-07-31 00:00:00,991.91,1,991.91,0.0,cod,Beauty & Grooming,complete
ORD0001697,1698,165,2024-07-31 03:00:00,752.78,4,3011.12,0.0,Payaxis,Appliances,complete
ORD0001698,1699,642,2024-07-31 06:00:00,1215.87,1,467.57,748.3,jazzwallet,Men's Fashion,canceled
ORD0001699,1700,210,2024-07-31 09:00:00,4641.16,2,9282.32,0.0,Payaxis,Men's Fashion,canceled
ORD0001700,1701,68,2024-07-31 12:00:00,860.11,2,1720.22,0.0,jazzwallet,Beauty & Grooming,complete
ORD0001701,1702,616,2024-07-31 15:00:00,1364.83,3,4094.49,0.0,jazzwallet,Mobiles & Tablets,complete
ORD0001702,1703,661,2024-07-31 18:00:00,4895.44,3,14686.32,0.0,cod,Women's Fashion,canceled
ORD0001703,1704,278,2024-07-31 21:00:00,725.96,1,725.96,0.0,easypay_voucher,Mobiles & Tablets,complete
ORD0001704,1705,635,2024-08-01 00:00:00,4277.0,2,8252.34,301.66,cod,Beauty & Grooming,canceled
ORD0001705,1706,171,2024-08-01 03:00:00,1101.02,3,3303.06,0.0,jazzwallet,Mobiles & Tablets,complete
ORD0001706,1707,190,2024-08-01 06:00:00,4173.13,2,8346.26,0.0,cod,Mobiles & Tablets,canceled
ORD0001707,1708,376,2024-08-01 09:00:00,1924.94,1,1924.94,0.0,cod,Men's Fashion,canceled
ORD0001708,1709,420,2024-08-01 12:00:00,1380.68,1,1380.68,0.0,jazzwallet,Men's Fashion,complete
ORD0001709,1710,270,2024-08-01 15:00:00,1043.96,3,3111.49,20.39,cod,Women's Fashion,complete
ORD0001710,1711,559,2024-08-01 18:00:00,686.75,2,1373.5,0.0,Payaxis,Men's Fashion,complete
ORD0001711,1712,553,2024-08-01 21:00:00,1160.78,3,3205.93,276.41,cod,Men's Fashion,complete
ORD0001712,1713,85,2024-08-02 00:00:00,2149.57,1,1860.24,289.33,jazzwallet,Women's Fashion,complete
ORD0001713,1714,693,2024-08-02 03:00:00,1085.9,3,3257.7,0.0,jazzwallet,Women's Fashion,complete
ORD0001714,1715,112,2024-08-02 06:00:00,864.83,1,864.83,0.0,cod,Beauty & Grooming,complete
ORD0001715,1716,369,2024-08-02 09:00:00,908.61,3,2725.83,0.0,Payaxis,Women's Fashion,complete
ORD0001716,1717,296,2024-08-02 12:00:00,2308.51,4,9234.04,0.0,cod,Women's Fashion,canceled
ORD0001717,1718,316,2024-08-02 15:00:00,2748.67,2,4937.92,559.42,easypay_voucher,Appliances,complete
ORD0001718,1719,90,2024-08-02 18:00:00,664.9,1,664.9,0.0,easypay_voucher,Mobiles & Tablets,complete
ORD0001719,1720,240,2024-08-02 21:00:00,664.18,1,657.67,6.51,Payaxis,Appliances,canceled
ORD0001720,1721,22,2024-08-03 00:00:00,1457.56,2,2915.12,0.0,cod,Beauty & Grooming,complete
ORD0001721,1722,681,2024-08-03 03:00:00,3448.34,1,3448.34,0.0,cod,Men's Fashion,canceled
ORD0001722,1723,101,2024-08-03 06:00:00,2590.21,4,10360.84,0.0,Payaxis,Mobiles & Tablets,complete
ORD0001723,1724,338,2024-08-03 09:00:00,428.85,4,1564.71,150.69,easypay_voucher,Men's Fashion,complete
ORD0001724,1725,152,2024-08-03 12:00:00,899.59,4,3598.36,0.0,easypay_voucher,Men's Fashion,complete
ORD0001725,1726,125,2024-08-03 15:00:00,545.69,4,2182.76,0.0,cod,Women's Fashion,complete
ORD0001726,1727,273,2024-08-03 18:00:00,897.28,3,2691.84,0.0,cod,Beauty & Grooming,canceled
ORD0001727,1728,678,2024-08-03 21:00:00,3653.01,2,7165.26,140.76,jazzwallet,Women's Fashion,complete
ORD0001728,1729,335,2024-08-04 00:00:00,377.3,2,219.26,535.34,cod,Mobiles & Tablets,complete
ORD0001729,1730,672,2024-08-04 03:00:00,325.66,2,651.32,0.0,cod,Men's Fashion,canceled
ORD0001730,1731,579,2024-08-04 06:00:00,589.09,4,1964.83,391.53,jazzwallet,Appliances,complete
ORD0001731,1732,305,2024-08-04 09:00:00,1360.33,2,2720.66,0.0,cod,Men's Fashion,canceled
ORD0001732,1733,630,2024-08-04 12:00:00,1746.84,2,3493.68,0.0,Payaxis,Women's Fashion,complete
ORD0001733,1734,244,2024-08-04 15:00:00,1522.47,3,4335.44,231.97,cod,Appliances,complete
ORD0001734,1735,351,2024-08-04 18:00:00,2648.54,2,5297.08,0.0,jazzwallet,Men's Fashion,complete
ORD0001735,1736,476,2024-08-04 21:00:00,292.27,2,584.54,0.0,Payaxis,Appliances,complete
ORD0001736,1737,413,2024-08-05 00:00:00,2673.79,1,2111.62,562.17,jazzwallet,Men's Fashion,complete
ORD0001737,1738,580,2024-08-05 03:00:00,867.77,1,867.77,0.0,cod,Mobiles & Tablets,complete
ORD0001738,1739,114,2024-08-05 06:00:00,1898.12,1,1358.78,539.34,easypay_voucher,Men's Fashion,complete
ORD0001739,1740,349,2024-08-05 09:00:00,406.44,2,812.88,0.0,Payaxis,Women's Fashion,complete
ORD0001740,1741,465,2024-08-05 12:00:00,1100.72,4,4402.88,0.0,cod,Mobiles & Tablets,complete
ORD0001741,1742,232,2024-08-05 15:00:00,1309.24,2,2618.48,0.0,cod,Beauty & Grooming,canceled
ORD0001742,1743,606,2024-08-05 18:00:00,2609.24,3,7669.47,158.25,cod,Women's Fashion,canceled
ORD0001743,1744,211,2024-08-05 21:00:00,333.97,2,667.94,0.0,jazzwallet,Mobiles & Tablets,complete
ORD0001744,1745,211,2024-08-06 00:00:00,1122.22,2,1473.03,771.41,Payaxis,Beauty & Grooming,canceled
ORD0001745,1746,229,2024-08-06 03:00:00,485.93,1,485.93,0.0,easypay_voucher,Beauty & Grooming,complete
ORD0001746,1747,473,2024-08-06 06:00:00,1602.18,3,4059.95,746.59,Payaxis,Mobiles & Tablets,complete
ORD0001747,1748,83,2024-08-06 09:00:00,1964.34,3,5893.02,0.0,easypay_voucher,Mobiles & Tablets,complete
ORD0001748,1749,100,2024-08-06 12:00:00,2879.52,2,5370.08,388.96,cod,Men's Fashion,complete
ORD0001749,1750,545,2024-08-06 15:00:00,734.16,3,2202.48,0.0,cod,Women's Fashion,complete
ORD0001750,1751,145,2024-08-06 18:00:00,2198.26,2,4396.52,0.0,easypay_voucher,Appliances,complete
ORD0001751,1752,74,2024-08-06 21:00:00,3043.23,2,5896.65,189.81,cod,Women's Fashion,complete
ORD0001752,1753,185,2024-08-07 00:00:00,319.76,3,959.28,0.0,jazzwallet,Appliances,complete
ORD0001753,1754,279,2024-08-07 03:00:00,1735.86,3,4844.9,362.68,Payaxis,Mobiles & Tablets,canceled
ORD0001754,1755,24,2024-08-07 06:00:00,2250.45,1,2250.45,0.0,cod,Appliances,canceled
ORD0001755,1756,584,2024-08-07 09:00:00,903.21,2,1546.31,260.11,easypay_voucher,Beauty & Grooming,complete
ORD0001756,1757,83,2024-08-07 12:00:00,442.27,2,256.99,627.55,cod,Women's Fashion,canceled
ORD0001757,1758,283,2024-08-07 15:00:00,2224.34,4,8897.36,0.0,jazzwallet,Women's Fashion,complete
ORD0001758,1759,142,2024-08-07 18:00:00,446.02,2,892.04,0.0,jazzwallet,Men's Fashion,complete
ORD0001759,1760,207,2024-08-07 21:00:00,959.33,4,3837.32,0.0,jazzwallet,Beauty & Grooming,complete
ORD0001760,1761,32,2024-08-08 00:00:00,1064.12,3,3192.36,0.0,cod,Mobiles & Tablets,complete
ORD0001761,1762,663,2024-08-08 03:00:00,1875.54,1,1730.18,145.36,cod,Men's Fashion,canceled
ORD0001762,1763,656,2024-08-08 06:00:00,685.42,2,1173.58,197.26,cod,Mobiles & Tablets,complete
ORD0001763,1764,89,2024-08-08 09:00:00,656.26,4,2625.04,0.0,cod,Beauty & Grooming,complete
ORD0001764,1765,138,2024-08-08 12:00:00,1181.08,2,2362.16,0.0,cod,Women's Fashion,canceled
ORD0001765,1766,619,2024-08-08 15:00:00,2332.73,3,6829.78,168.41,cod,Beauty & Grooming,canceled
ORD0001766,1767,291,2024-08-08 18:00:00,6097.22,4,24388.88,0.0,jazzwallet,Appliances,complete
ORD0001767,1768,44,2024-08-08 21:00:00,354.03,3,1062.09,0.0,cod,Women's Fashion,canceled
ORD0001768,1769,95,2024-08-09 00:00:00,1389.23,1,1389.23,0.0,cod,Women's Fashion,complete
ORD0001769,1770,290,2024-08-09 03:00:00,485.46,2,970.92,0.0,Payaxis,Men's Fashion,complete
ORD0001770,1771,391,2024-08-09 06:00:00,2354.56,2,4709.12,0.0,easypay_voucher,Women's Fashion,canceled
ORD0001771,1772,442,2024-08-09 09:00:00,542.45,2,1084.9,0.0,Payaxis,Appliances,complete
ORD0001772,1773,108,2024-08-09 12:00:00,661.17,4,2644.68,0.0,easypay_voucher,Beauty & Grooming,canceled
ORD0001773,1774,259,2024-08-09 15:00:00,704.89,1,692.26,12.63,jazzwallet,Women's Fashion,complete
ORD0001774,1775,183,2024-08-09 18:00:00,1035.72,3,2376.38,730.78,easypay_voucher,Beauty & Grooming,complete
ORD0001775,1776,374,2024-08-09 21:00:00,1397.44,4,4903.79,685.97,easypay_voucher,Beauty & Grooming,canceled
ORD0001776,1777,225,2024-08-10 00:00:00,1576.21,4,6304.84,0.0,Payaxis,Women's Fashion,complete
ORD0001777,1778,143,2024-08-10 03:00:00,1091.9,3,2847.88,427.82,cod,Women's Fashion,complete
ORD0001778,1779,570,2024-08-10 06:00:00,404.47,4,1617.88,0.0,cod,Mobiles & Tablets,complete
ORD0001779,1780,398,2024-08-10 09:00:00,1892.85,2,3785.7,0.0,cod,Men's Fashion,canceled
ORD0001780,1781,332,2024-08-10 12:00:00,1053.93,3,3161.79,0.0,cod,Beauty & Grooming,canceled
ORD0001781,1782,95,2024-08-10 15:00:00,2620.97,3,7862.91,0.0,Payaxis,Mobiles & Tablets,complete
ORD0001782,1783,50,2024-08-10 18:00:00,644.96,1,644.96,0.0,cod,Men's Fashion,complete
ORD0001783,1784,557,2024-08-10 21:00:00,329.74,1,283.2,46.54,cod,Appliances,complete
ORD0001784,1785,678,2024-08-11 00:00:00,1069.0,4,4276.0,0.0,cod,Men's Fashion,canceled
ORD0001785,1786,409,2024-08-11 03:00:00,2898.55,1,2898.55,0.0,jazzwallet,Beauty & Grooming,canceled
ORD0001786,1787,28,2024-08-11 06:00:00,1237.32,2,2180.45,294.19,cod,Appliances,complete
ORD0001787,1788,337,2024-08-11 09:00:00,944.11,3,2832.33,0.0,Payaxis,Mobiles & Tablets,canceled
ORD0001788,1789,196,2024-08-11 12:00:00,570.91,3,1712.73,0.0,jazzwallet,Men's Fashion,complete
ORD0001789,1790,39,2024-08-11 15:00:00,4098.29,3,12039.19,255.68,cod,Appliances,canceled
ORD0001790,1791,100,2024-08-11 18:00:00,506.64,4,2026.56,0.0,Payaxis,Beauty & Grooming,canceled
ORD0001791,1792,350,2024-08-11 21:00:00,636.48,4,2545.92,0.0,cod,Beauty & Grooming,complete
ORD0001792,1793,299,2024-08-12 00:00:00,1681.64,4,6726.56,0.0,cod,Beauty & Grooming,canceled
ORD0001793,1794,394,2024-08-12 03:00:00,272.59,3,392.07,425.7,Payaxis,Mobiles & Tablets,complete
ORD0001794,1795,485,2024-08-12 06:00:00,2852.48,4,10648.43,761.49,jazzwallet,Appliances,canceled
ORD0001795,1796,186,2024-08-12 09:00:00,1751.35,3,5254.05,0.0,cod,Mobiles & Tablets,canceled
ORD0001796,1797,201,2024-08-12 12:00:00,2152.58,3,6457.74,0.0,easypay_voucher,Mobiles & Tablets,complete
ORD0001797,1798,474,2024-08-12 15:00:00,1666.68,4,6666.72,0.0,cod,Appliances,canceled
ORD0001798,1799,138,2024-08-12 18:00:00,971.81,4,3887.24,0.0,easypay_voucher,Women's Fashion,complete
ORD0001799,1800,54,2024-08-12 21:00:00,494.05,1,30.22,463.83,easypay_voucher,Appliances,complete
ORD0001800,1801,597,2024-08-13 00:00:00,987.27,4,3949.08,0.0,easypay_voucher,Beauty & Grooming,complete
ORD0001801,1802,146,2024-08-13 03:00:00,527.72,3,1583.16,0.0,easypay_voucher,Mobiles & Tablets,canceled
ORD0001802,1803,85,2024-08-13 06:00:00,1579.11,4,6316.44,0.0,cod,Women's Fashion,canceled
ORD0001803,1804,516,2024-08-13 09:00:00,2008.38,3,6025.14,0.0,Payaxis,Beauty & Grooming,complete
ORD0001804,1805,372,2024-08-13 12:00:00,3319.62,4,13278.48,0.0,Payaxis,Women's Fashion,complete
ORD0001805,1806,103,2024-08-13 15:00:00,1449.29,2,2411.43,487.15,Payaxis,Women's Fashion,complete
ORD0001806,1807,595,2024-08-13 18:00:00,2193.89,1,2193.89,0.0,cod,Women's Fashion,canceled
ORD0001807,1808,172,2024-08-13 21:00:00,877.56,1,877.56,0.0,cod,Beauty & Grooming,complete
ORD0001808,1809,473,2024-08-14 00:00:00,766.08,2,1532.16,0.0,cod,Mobiles & Tablets,canceled
ORD0001809,1810,455,2024-08-14 03:00:00,1564.39,1,1262.89,301.5,cod,Beauty & Grooming,complete
ORD0001810,1811,580,2024-08-14 06:00:00,820.69,2,1641.38,0.0,cod,Beauty & Grooming,complete
ORD0001811,1812,510,2024-08-14 09:00:00,1341.96,1,1310.85,31.11,cod,Beauty & Grooming,complete
ORD0001812,1813,492,2024-08-14 12:00:00,494.78,1,455.93,38.85,Payaxis,Women's Fashion,complete
ORD0001813,1814,36,2024-08-14 15:00:00,566.1,3,1202.13,496.17,cod,Women's Fashion,canceled
ORD0001814,1815,656,2024-08-14 18:00:00,1766.15,4,7064.6,0.0,Payaxis,Men's Fashion,complete
ORD0001815,1816,89,2024-08-14 21:00:00,2132.43,1,2132.43,0.0,easypay_voucher,Men's Fashion,complete
ORD0001816,1817,178,2024-08-15 00:00:00,523.62,3,1570.86,0.0,Payaxis,Beauty & Grooming,canceled
ORD0001817,1818,312,2024-08-15 03:00:00,1813.4,3,5440.2,0.0,cod,Women's Fashion,complete
ORD0001818,1819,202,2024-08-15 06:00:00,735.42,3,2206.26,0.0,easypay_voucher,Appliances,complete
ORD0001819,1820,415,2024-08-15 09:00:00,1110.29,1,1110.29,0.0,easypay_voucher,Mobiles & Tablets,complete
ORD0001820,1821,37,2024-08-15 12:00:00,3173.87,3,9521.61,0.0,jazzwallet,Appliances,complete
ORD0001821,1822,318,2024-08-15 15:00:00,2009.45,1,2009.45,0.0,easypay_voucher,Appliances,canceled
ORD0001822,1823,245,2024-08-15 18:00:00,1992.02,1,1355.3,636.72,easypay_voucher,Beauty & Grooming,complete
ORD0001823,1824,453,2024-08-15 21:00:00,4589.8,2,9170.35,9.25,easypay_voucher,Mobiles & Tablets,complete
ORD0001824,1825,364,2024-08-16 00:00:00,646.83,4,2587.32,0.0,Payaxis,Women's Fashion,canceled
ORD0001825,1826,529,2024-08-16 03:00:00,523.53,1,523.53,0.0,cod,Women's Fashion,complete
ORD0001826,1827,115,2024-08-16 06:00:00,638.04,4,2552.16,0.0,easypay_voucher,Women's Fashion,complete
ORD0001827,1828,664,2024-08-16 09:00:00,906.08,4,2985.78,638.54,easypay_voucher,Mobiles & Tablets,canceled
ORD0001828,1829,275,2024-08-16 12:00:00,187.56,4,750.24,0.0,jazzwallet,Women's Fashion,complete
ORD0001829,1830,245,2024-08-16 15:00:00,938.64,2,1877.28,0.0,easypay_voucher,Men's Fashion,canceled
ORD0001830,1831,384,2024-08-16 18:00:00,728.93,1,728.93,0.0,cod,Appliances,complete
ORD0001831,1832,115,2024-08-16 21:00:00,1974.01,1,1974.01,0.0,jazzwallet,Men's Fashion,complete
ORD0001832,1833,570,2024-08-17 00:00:00,1428.41,4,5713.64,0.0,cod,Women's Fashion,complete
ORD0001833,1834,185,2024-08-17 03:00:00,698.88,1,698.88,0.0,cod,Appliances,canceled
ORD0001834,1835,649,2024-08-17 06:00:00,1706.96,3,5120.88,0.0,cod,Mobiles & Tablets,complete
ORD0001835,1836,104,2024-08-17 09:00:00,1886.44,2,3772.88,0.0,cod,Appliances,complete
ORD0001836,1837,605,2024-08-17 12:00:00,616.21,4,2464.84,0.0,cod,Appliances,complete
ORD0001837,1838,276,2024-08-17 15:00:00,757.66,3,2272.98,0.0,cod,Mobiles & Tablets,canceled
ORD0001838,1839,425,2024-08-17 18:00:00,206.64,3,619.92,0.0,Payaxis,Mobiles & Tablets,canceled
ORD0001839,1840,610,2024-08-17 21:00:00,483.96,4,1935.84,0.0,Payaxis,Beauty & Grooming,complete
ORD0001840,1841,91,2024-08-18 00:00:00,628.38,4,2513.52,0.0,cod,Men's Fashion,canceled
ORD0001841,1842,243,2024-08-18 03:00:00,1159.36,2,1668.45,650.27,easypay_voucher,Beauty & Grooming,complete
ORD0001842,1843,663,2024-08-18 06:00:00,539.67,3,1619.01,0.0,cod,Women's Fashion,complete
ORD0001843,1844,105,2024-08-18 09:00:00,746.14,3,2238.42,0.0,jazzwallet,Men's Fashion,complete
ORD0001844,1845,72,2024-08-18 12:00:00,437.47,4,1035.01,714.87,cod,Men's Fashion,complete
ORD0001845,1846,366,2024-08-18 15:00:00,1246.8,2,2493.6,0.0,easypay_voucher,Appliances,complete
ORD0001846,1847,18,2024-08-18 18:00:00,1509.13,2,2282.24,736.02,cod,Mobiles & Tablets,complete
ORD0001847,1848,694,2024-08-18 21:00:00,1482.93,4,5931.72,0.0,easypay_voucher,Women's Fashion,complete
ORD0001848,1849,632,2024-08-19 00:00:00,1106.85,4,4427.4,0.0,cod,Men's Fashion,canceled
ORD0001849,1850,132,2024-08-19 03:00:00,345.22,3,1035.66,0.0,Payaxis,Mobiles & Tablets,complete
ORD0001850,1851,121,2024-08-19 06:00:00,688.86,1,688.86,0.0,cod,Men's Fashion,complete
ORD0001851,1852,544,2024-08-19 09:00:00,807.97,2,1615.94,0.0,jazzwallet,Women's Fashion,complete
ORD0001852,1853,364,2024-08-19 12:00:00,810.4,2,1620.8,0.0,easypay_voucher,Appliances,complete
ORD0001853,1854,576,2024-08-19 15:00:00,1160.07,3,3480.21,0.0,Payaxis,Mobiles & Tablets,complete
ORD0001854,1855,677,2024-08-19 18:00:00,3194.4,3,8989.97,593.23,jazzwallet,Beauty & Grooming,complete
ORD0001855,1856,281,2024-08-19 21:00:00,2016.41,4,7506.59,559.05,jazzwallet,Beauty & Grooming,canceled
ORD0001856,1857,178,2024-08-20 00:00:00,522.89,1,522.89,0.0,cod,Appliances,complete
ORD0001857,1858,434,2024-08-20 03:00:00,1824.03,2,3046.89,601.17,cod,Beauty & Grooming,complete
ORD0001858,1859,444,2024-08-20 06:00:00,1772.64,3,5317.92,0.0,cod,Women's Fashion,canceled
ORD0001859,1860,303,2024-08-20 09:00:00,599.11,4,2396.44,0.0,cod,Beauty & Grooming,canceled
ORD0001860,1861,210,2024-08-20 12:00:00,2072.79,1,1758.99,313.8,easypay_voucher,Appliances,complete
ORD0001861,1862,184,2024-08-20 15:00:00,972.35,4,3889.4,0.0,jazzwallet,Women's Fashion,canceled
ORD0001862,1863,365,2024-08-20 18:00:00,380.9,1,380.9,0.0,jazzwallet,Mobiles & Tablets,complete
ORD0001863,1864,298,2024-08-20 21:00:00,1542.87,1,1542.87,0.0,easypay_voucher,Women's Fashion,complete
ORD0001864,1865,320,2024-08-21 00:00:00,1290.42,4,5161.68,0.0,easypay_voucher,Beauty & Grooming,complete
ORD0001865,1866,67,2024-08-21 03:00:00,924.49,4,3221.13,476.83,jazzwallet,Beauty & Grooming,complete
ORD0001866,1867,616,2024-08-21 06:00:00,1066.26,4,4265.04,0.0,jazzwallet,Women's Fashion,canceled
ORD0001867,1868,495,2024-08-21 09:00:00,639.5,3,1918.5,0.0,cod,Men's Fashion,complete
ORD0001868,1869,643,2024-08-21 12:00:00,1732.98,3,5198.94,0.0,easypay_voucher,Appliances,canceled
ORD0001869,1870,580,2024-08-21 15:00:00,1061.47,3,3184.41,0.0,Payaxis,Mobiles & Tablets,complete
ORD0001870,1871,433,2024-08-21 18:00:00,1242.45,3,3010.85,716.5,cod,Mobiles & Tablets,complete
ORD0001871,1872,215,2024-08-21 21:00:00,1433.47,3,4300.41,0.0,cod,Women's Fashion,canceled
ORD0001872,1873,458,2024-08-22 00:00:00,461.31,2,922.62,0.0,jazzwallet,Beauty & Grooming,complete
ORD0001873,1874,396,2024-08-22 03:00:00,560.76,4,1664.41,578.63,jazzwallet,Men's Fashion,complete
ORD0001874,1875,646,2024-08-22 06:00:00,209.04,2,418.08,0.0,jazzwallet,Women's Fashion,canceled
ORD0001875,1876,163,2024-08-22 09:00:00,1674.98,3,5024.94,0.0,Payaxis,Men's Fashion,canceled
ORD0001876,1877,18,2024-08-22 12:00:00,441.79,3,1325.37,0.0,cod,Women's Fashion,complete
ORD0001877,1878,90,2024-08-22 15:00:00,1211.27,3,3437.08,196.73,cod,Mobiles & Tablets,complete
ORD0001878,1879,123,2024-08-22 18:00:00,1448.44,3,4345.32,0.0,easypay_voucher,Women's Fashion,complete
ORD0001879,1880,464,2024-08-22 21:00:00,1722.9,1,1217.71,505.19,easypay_voucher,Women's Fashion,complete
ORD0001880,1881,103,2024-08-23 00:00:00,444.52,2,889.04,0.0,easypay_voucher,Men's Fashion,complete
ORD0001881,1882,94,2024-08-23 03:00:00,1044.33,2,2088.66,0.0,easypay_voucher,Men's Fashion,canceled
ORD0001882,1883,278,2024-08-23 06:00:00,3838.01,2,7257.35,418.67,cod,Appliances,complete
ORD0001883,1884,547,2024-08-23 09:00:00,3966.88,4,15516.93,350.59,Payaxis,Mobiles & Tablets,canceled
ORD0001884,1885,297,2024-08-23 12:00:00,2299.6,4,9198.4,0.0,cod,Mobiles & Tablets,complete
ORD0001885,1886,190,2024-08-23 15:00:00,1412.5,3,3882.96,354.54,cod,Mobiles & Tablets,complete
ORD0001886,1887,199,2024-08-23 18:00:00,516.03,2,1032.06,0.0,cod,Beauty & Grooming,canceled
ORD0001887,1888,573,2024-08-23 21:00:00,1879.89,1,1879.89,0.0,cod,Men's Fashion,complete
ORD0001888,1889,303,2024-08-24 00:00:00,974.07,4,3896.28,0.0,jazzwallet,Mobiles & Tablets,complete
ORD0001889,1890,258,2024-08-24 03:00:00,1669.69,4,6150.73,528.03,cod,Beauty & Grooming,canceled
ORD0001890,1891,541,2024-08-24 06:00:00,682.23,2,759.4,605.06,cod,Mobiles & Tablets,complete
ORD0001891,1892,258,2024-08-24 09:00:00,963.24,4,3750.41,102.55,Payaxis,Men's Fashion,complete
ORD0001892,1893,250,2024-08-24 12:00:00,1240.3,4,4961.2,0.0,easypay_voucher,Mobiles & Tablets,complete
ORD0001893,1894,525,2024-08-24 15:00:00,1319.1,3,3957.3,0.0,cod,Appliances,canceled
ORD0001894,1895,229,2024-08-24 18:00:00,1588.1,1,1588.1,0.0,cod,Appliances,complete
ORD0001895,1896,357,2024-08-24 21:00:00,710.24,1,567.85,142.39,cod,Appliances,complete
ORD0001896,1897,465,2024-08-25 00:00:00,400.43,4,998.69,603.03,easypay_voucher,Men's Fashion,complete
ORD0001897,1898,141,2024-08-25 03:00:00,3709.26,3,10931.03,196.75,cod,Men's Fashion,complete
ORD0001898,1899,90,2024-08-25 06:00:00,7093.55,1,7093.55,0.0,cod,Beauty & Grooming,complete
ORD0001899,1900,595,2024-08-25 09:00:00,1533.9,1,1446.52,87.38,cod,Beauty & Grooming,canceled
ORD0001900,1901,208,2024-08-25 12:00:00,406.27,4,1048.59,576.49,easypay_voucher,Mobiles & Tablets,canceled
ORD0001901,1902,238,2024-08-25 15:00:00,614.07,2,1228.14,0.0,cod,Appliances,complete
ORD0001902,1903,413,2024-08-25 18:00:00,1606.54,2,3213.08,0.0,jazzwallet,Beauty & Grooming,complete
ORD0001903,1904,72,2024-08-25 21:00:00,2998.41,3,8729.44,265.79,cod,Women's Fashion,complete
ORD0001904,1905,32,2024-08-26 00:00:00,441.57,2,883.14,0.0,easypay_voucher,Appliances,complete
ORD0001905,1906,291,2024-08-26 03:00:00,999.0,4,3814.81,181.19,cod,Mobiles & Tablets,canceled
ORD0001906,1907,677,2024-08-26 06:00:00,1270.22,3,3057.99,752.67,cod,Mobiles & Tablets,complete
ORD0001907,1908,402,2024-08-26 09:00:00,2097.36,2,3937.65,257.07,cod,Mobiles & Tablets,complete
ORD0001908,1909,405,2024-08-26 12:00:00,847.51,2,1695.02,0.0,Payaxis,Mobiles & Tablets,complete
ORD0001909,1910,427,2024-08-26 15:00:00,339.39,4,1357.56,0.0,jazzwallet,Beauty & Grooming,canceled
ORD0001910,1911,602,2024-08-26 18:00:00,1747.42,3,5242.26,0.0,cod,Appliances,canceled
ORD0001911,1912,585,2024-08-26 21:00:00,2549.36,4,10197.44,0.0,cod,Appliances,complete
ORD0001912,1913,17,2024-08-27 00:00:00,1030.76,2,1861.32,200.2,jazzwallet,Men's Fashion,complete
ORD0001913,1914,379,2024-08-27 03:00:00,1486.13,1,1486.13,0.0,easypay_voucher,Beauty & Grooming,complete
ORD0001914,1915,383,2024-08-27 06:00:00,768.26,4,3073.04,0.0,cod,Mobiles & Tablets,complete
ORD0001915,1916,157,2024-08-27 09:00:00,581.53,1,581.53,0.0,cod,Beauty & Grooming,complete
ORD0001916,1917,682,2024-08-27 12:00:00,2368.04,4,9472.16,0.0,easypay_voucher,Mobiles & Tablets,canceled
ORD0001917,1918,183,2024-08-27 15:00:00,1466.48,3,4399.44,0.0,Payaxis,Mobiles & Tablets,complete
ORD0001918,1919,583,2024-08-27 18:00:00,1584.11,1,1584.11,0.0,easypay_voucher,Mobiles & Tablets,complete
ORD0001919,1920,71,2024-08-27 21:00:00,3383.23,4,13292.39,240.53,jazzwallet,Appliances,complete
ORD0001920,1921,421,2024-08-28 00:00:00,497.14,1,497.14,0.0,easypay_voucher,Men's Fashion,complete
ORD0001921,1922,515,2024-08-28 03:00:00,724.86,2,1449.72,0.0,cod,Women's Fashion,complete
ORD0001922,1923,353,2024-08-28 06:00:00,1234.54,2,2469.08,0.0,cod,Women's Fashion,canceled
ORD0001923,1924,75,2024-08-28 09:00:00,718.21,3,2154.63,0.0,cod,Appliances,complete
ORD0001924,1925,87,2024-08-28 12:00:00,1973.08,3,5919.24,0.0,cod,Men's Fashion,complete
ORD0001925,1926,424,2024-08-28 15:00:00,952.84,3,2858.52,0.0,cod,Mobiles & Tablets,complete
ORD0001926,1927,603,2024-08-28 18:00:00,520.92,2,1041.84,0.0,cod,Men's Fashion,complete
ORD0001927,1928,418,2024-08-28 21:00:00,1152.09,3,3456.27,0.0,Payaxis,Men's Fashion,complete
ORD0001928,1929,71,2024-08-29 00:00:00,1246.08,1,1130.72,115.36,cod,Appliances,canceled
ORD0001929,1930,550,2024-08-29 03:00:00,2210.58,3,5987.97,643.77,cod,Appliances,canceled
ORD0001930,1931,321,2024-08-29 06:00:00,1472.7,1,1424.98,47.72,easypay_voucher,Mobiles & Tablets,complete
ORD0001931,1932,53,2024-08-29 09:00:00,1549.77,1,1225.89,323.88,easypay_voucher,Appliances,complete
ORD0001932,1933,258,2024-08-29 12:00:00,1394.4,3,4183.2,0.0,Payaxis,Mobiles & Tablets,complete
ORD0001933,1934,142,2024-08-29 15:00:00,952.26,1,458.51,493.75,Payaxis,Appliances,complete
ORD0001934,1935,690,2024-08-29 18:00:00,640.88,4,2563.52,0.0,Payaxis,Men's Fashion,canceled
ORD0001935,1936,636,2024-08-29 21:00:00,1361.89,1,1361.89,0.0,cod,Men's Fashion,complete
ORD0001936,1937,75,2024-08-30 00:00:00,854.19,1,854.19,0.0,cod,Women's Fashion,complete
ORD0001937,1938,400,2024-08-30 03:00:00,3894.68,4,14785.94,792.78,easypay_voucher,Men's Fashion,complete
ORD0001938,1939,5,2024-08-30 06:00:00,3000.81,1,3000.81,0.0,cod,Appliances,complete
ORD0001939,1940,320,2024-08-30 09:00:00,1762.75,4,7051.0,0.0,cod,Beauty & Grooming,canceled
ORD0001940,1941,109,2024-08-30 12:00:00,1456.59,2,2913.18,0.0,cod,Beauty & Grooming,canceled
ORD0001941,1942,523,2024-08-30 15:00:00,1026.62,4,3380.13,726.35,cod,Women's Fashion,canceled
ORD0001942,1943,51,2024-08-30 18:00:00,425.88,4,1703.52,0.0,cod,Women's Fashion,complete
ORD0001943,1944,631,2024-08-30 21:00:00,932.5,1,566.64,365.86,cod,Women's Fashion,canceled
ORD0001944,1945,162,2024-08-31 00:00:00,1183.29,2,2366.58,0.0,Payaxis,Appliances,complete
ORD0001945,1946,184,2024-08-31 03:00:00,1302.57,3,3907.71,0.0,jazzwallet,Women's Fashion,complete
ORD0001946,1947,620,2024-08-31 06:00:00,1559.55,4,5523.26,714.94,cod,Women's Fashion,canceled
ORD0001947,1948,631,2024-08-31 09:00:00,2188.56,1,2188.56,0.0,jazzwallet,Women's Fashion,complete
ORD0001948,1949,68,2024-08-31 12:00:00,652.55,1,339.65,312.9,cod,Men's Fashion,complete
ORD0001949,1950,76,2024-08-31 15:00:00,657.01,2,1314.02,0.0,jazzwallet,Women's Fashion,complete
ORD0001950,1951,597,2024-08-31 18:00:00,3255.63,1,3255.63,0.0,jazzwallet,Appliances,canceled
ORD0001951,1952,684,2024-08-31 21:00:00,1955.18,2,3910.36,0.0,cod,Women's Fashion,complete
ORD0001952,1953,342,2024-09-01 00:00:00,818.05,1,350.21,467.84,Payaxis,Beauty & Grooming,complete
ORD0001953,1954,116,2024-09-01 03:00:00,1011.91,4,3873.36,174.28,jazzwallet,Beauty & Grooming,complete
ORD0001954,1955,107,2024-09-01 06:00:00,1015.33,4,4061.32,0.0,jazzwallet,Women's Fashion,complete
ORD0001955,1956,187,2024-09-01 09:00:00,1122.91,1,1122.91,0.0,jazzwallet,Beauty & Grooming,canceled
ORD0001956,1957,480,2024-09-01 12:00:00,1563.23,3,4431.47,258.22,easypay_voucher,Mobiles & Tablets,complete
ORD0001957,1958,68,2024-09-01 15:00:00,7341.1,3,22023.3,0.0,cod,Beauty & Grooming,canceled
ORD0001958,1959,449,2024-09-01 18:00:00,1264.36,3,3268.08,525.0,jazzwallet,Men's Fashion,complete
ORD0001959,1960,562,2024-09-01 21:00:00,1802.53,4,7210.12,0.0,easypay_voucher,Women's Fashion,complete
ORD0001960,1961,101,2024-09-02 00:00:00,309.56,3,928.68,0.0,easypay_voucher,Men's Fashion,canceled
ORD0001961,1962,688,2024-09-02 03:00:00,762.29,3,1905.39,381.48,cod,Women's Fashion,complete
ORD0001962,1963,691,2024-09-02 06:00:00,2756.21,1,2756.21,0.0,easypay_voucher,Men's Fashion,complete
ORD0001963,1964,208,2024-09-02 09:00:00,1482.87,1,1073.66,409.21,cod,Appliances,complete
ORD0001964,1965,79,2024-09-02 12:00:00,40.78,3,122.34,0.0,Payaxis,Mobiles & Tablets,canceled
ORD0001965,1966,228,2024-09-02 15:00:00,1818.05,4,7272.2,0.0,cod,Beauty & Grooming,complete
ORD0001966,1967,181,2024-09-02 18:00:00,4622.19,2,9244.38,0.0,Payaxis,Beauty & Grooming,complete
ORD0001967,1968,196,2024-09-02 21:00:00,245.44,3,736.32,0.0,jazzwallet,Women's Fashion,canceled
ORD0001968,1969,647,2024-09-03 00:00:00,3427.34,1,3427.34,0.0,cod,Women's Fashion,complete
ORD0001969,1970,109,2024-09-03 03:00:00,137.14,2,274.28,0.0,easypay_voucher,Appliances,canceled
ORD0001970,1971,222,2024-09-03 06:00:00,2216.09,4,8864.36,0.0,cod,Mobiles & Tablets,complete
ORD0001971,1972,551,2024-09-03 09:00:00,1089.54,3,2843.15,425.47,jazzwallet,Appliances,complete
ORD0001972,1973,41,2024-09-03 12:00:00,188.2,1,188.2,0.0,Payaxis,Men's Fashion,complete
ORD0001973,1974,43,2024-09-03 15:00:00,1532.42,4,5667.37,462.31,cod,Appliances,complete
ORD0001974,1975,212,2024-09-03 18:00:00,2599.64,4,10398.56,0.0,cod,Men's Fashion,complete
ORD0001975,1976,677,2024-09-03 21:00:00,1440.74,2,2881.48,0.0,cod,Appliances,complete
ORD0001976,1977,587,2024-09-04 00:00:00,1700.4,2,3400.8,0.0,cod,Appliances,complete
ORD0001977,1978,649,2024-09-04 03:00:00,805.32,3,2415.96,0.0,jazzwallet,Men's Fashion,canceled
ORD0001978,1979,604,2024-09-04 06:00:00,271.5,4,1086.0,0.0,Payaxis,Appliances,complete
ORD0001979,1980,83,2024-09-04 09:00:00,1842.54,2,3123.5,561.58,cod,Women's Fashion,complete
ORD0001980,1981,281,2024-09-04 12:00:00,4073.73,1,4073.73,0.0,jazzwallet,Men's Fashion,canceled
ORD0001981,1982,371,2024-09-04 15:00:00,2558.52,1,2558.52,0.0,cod,Women's Fashion,complete
ORD0001982,1983,117,2024-09-04 18:00:00,246.93,4,987.72,0.0,jazzwallet,Beauty & Grooming,canceled
ORD0001983,1984,695,2024-09-04 21:00:00,352.07,4,845.61,562.67,cod,Mobiles & Tablets,complete
ORD0001984,1985,422,2024-09-05 00:00:00,581.45,4,2325.8,0.0,easypay_voucher,Beauty & Grooming,complete
ORD0001985,1986,596,2024-09-05 03:00:00,332.04,1,219.89,112.15,jazzwallet,Beauty & Grooming,complete
ORD0001986,1987,181,2024-09-05 06:00:00,1133.59,1,1133.59,0.0,cod,Women's Fashion,complete
ORD0001987,1988,500,2024-09-05 09:00:00,1473.01,2,2594.93,351.09,Payaxis,Appliances,complete
ORD0001988,1989,75,2024-09-05 12:00:00,375.14,1,0.0,738.31,jazzwallet,Men's Fashion,complete
ORD0001989,1990,16,2024-09-05 15:00:00,1964.21,2,3482.2,446.22,cod,Mobiles & Tablets,complete
ORD0001990,1991,448,2024-09-05 18:00:00,1721.29,3,5163.87,0.0,cod,Women's Fashion,complete
ORD0001991,1992,48,2024-09-05 21:00:00,726.97,2,1453.94,0.0,Payaxis,Beauty & Grooming,canceled
ORD0001992,1993,194,2024-09-06 00:00:00,963.53,1,963.53,0.0,cod,Men's Fashion,canceled
ORD0001993,1994,556,2024-09-06 03:00:00,254.08,2,508.16,0.0,cod,Appliances,canceled
ORD0001994,1995,348,2024-09-06 06:00:00,854.75,3,2564.25,0.0,cod,Appliances,complete
ORD0001995,1996,264,2024-09-06 09:00:00,1102.72,3,2718.24,589.92,Payaxis,Appliances,complete
ORD0001996,1997,204,2024-09-06 12:00:00,1244.59,2,1928.94,560.24,cod,Men's Fashion,canceled
ORD0001997,1998,468,2024-09-06 15:00:00,1457.03,2,2914.06,0.0,cod,Men's Fashion,complete
ORD0001998,1999,668,2024-09-06 18:00:00,1317.09,3,3951.27,0.0,jazzwallet,Women's Fashion,canceled
ORD0001999,2000,517,2024-09-06 21:00:00,899.41,1,899.41,0.0,easypay_voucher,Beauty & Grooming,complete
ORD0002000,2001,251,2024-09-07 00:00:00,1359.19,4,5302.09,134.67,jazzwallet,Beauty & Grooming,complete
ORD0002001,2002,296,2024-09-07 03:00:00,2325.11,4,9300.44,0.0,cod,Women's Fashion,canceled
ORD0002002,2003,73,2024-09-07 06:00:00,1020.84,1,951.98,68.86,jazzwallet,Beauty & Grooming,canceled
ORD0002003,2004,101,2024-09-07 09:00:00,1391.58,4,5566.32,0.0,easypay_voucher,Women's Fashion,complete
ORD0002004,2005,188,2024-09-07 12:00:00,953.72,1,389.51,564.21,cod,Men's Fashion,complete
ORD0002005,2006,271,2024-09-07 15:00:00,675.15,2,1350.3,0.0,jazzwallet,Mobiles & Tablets,complete
ORD0002006,2007,693,2024-09-07 18:00:00,1623.21,3,4869.63,0.0,easypay_voucher,Appliances,complete
ORD0002007,2008,609,2024-09-07 21:00:00,723.12,2,1446.24,0.0,cod,Appliances,complete
ORD0002008,2009,80,2024-09-08 00:00:00,1465.0,1,1019.71,445.29,cod,Beauty & Grooming,canceled
ORD0002009,2010,232,2024-09-08 03:00:00,1120.12,1,1120.12,0.0,Payaxis,Appliances,complete
ORD0002010,2011,40,2024-09-08 06:00:00,873.1,3,2275.39,343.91,cod,Mobiles & Tablets,complete
ORD0002011,2012,44,2024-09-08 09:00:00,857.39,1,857.39,0.0,cod,Women's Fashion,complete
ORD0002012,2013,262,2024-09-08 12:00:00,749.13,2,1397.28,100.98,cod,Appliances,complete
ORD0002013,2014,671,2024-09-08 15:00:00,319.15,2,324.34,313.96,cod,Women's Fashion,canceled
ORD0002014,2015,130,2024-09-08 18:00:00,1461.43,4,5845.72,0.0,cod,Women's Fashion,complete
ORD0002015,2016,476,2024-09-08 21:00:00,1304.61,4,4517.08,701.36,easypay_voucher,Beauty & Grooming,complete
ORD0002016,2017,275,2024-09-09 00:00:00,2074.04,4,8037.29,258.87,cod,Appliances,complete
ORD0002017,2018,379,2024-09-09 03:00:00,736.13,3,2208.39,0.0,cod,Appliances,complete
ORD0002018,2019,608,2024-09-09 06:00:00,4543.89,3,13631.67,0.0,easypay_voucher,Women's Fashion,canceled
ORD0002019,2020,580,2024-09-09 09:00:00,824.85,2,1649.7,0.0,cod,Men's Fashion,complete
ORD0002020,2021,579,2024-09-09 12:00:00,568.88,1,66.1,502.78,easypay_voucher,Women's Fashion,canceled
ORD0002021,2022,288,2024-09-09 15:00:00,520.47,4,2081.88,0.0,cod,Beauty & Grooming,complete
ORD0002022,2023,34,2024-09-09 18:00:00,298.74,2,597.48,0.0,cod,Appliances,complete
ORD0002023,2024,689,2024-09-09 21:00:00,3461.55,2,6431.4,491.7,cod,Appliances,complete
ORD0002024,2025,695,2024-09-10 00:00:00,3066.53,1,3066.53,0.0,cod,Mobiles & Tablets,complete
ORD0002025,2026,600,2024-09-10 03:00:00,1720.82,2,3251.21,190.43,cod,Beauty & Grooming,complete
ORD0002026,2027,334,2024-09-10 06:00:00,560.0,3,1680.0,0.0,Payaxis,Men's Fashion,complete
ORD0002027,2028,197,2024-09-10 09:00:00,4266.08,2,8532.16,0.0,cod,Beauty & Grooming,canceled
ORD0002028,2029,123,2024-09-10 12:00:00,842.36,3,2527.08,0.0,easypay_voucher,Women's Fashion,complete
ORD0002029,2030,260,2024-09-10 15:00:00,896.26,1,896.26,0.0,easypay_voucher,Beauty & Grooming,complete
ORD0002030,2031,234,2024-09-10 18:00:00,3222.6,1,2912.77,309.83,cod,Beauty & Grooming,canceled
ORD0002031,2032,193,2024-09-10 21:00:00,1797.56,4,7097.65,92.59,easypay_voucher,Appliances,canceled
ORD0002032,2033,665,2024-09-11 00:00:00,5714.87,2,11429.74,0.0,cod,Beauty & Grooming,complete
ORD0002033,2034,461,2024-09-11 03:00:00,1321.53,2,2643.06,0.0,cod,Appliances,complete
ORD0002034,2035,156,2024-09-11 06:00:00,814.22,2,1628.44,0.0,cod,Beauty & Grooming,canceled
ORD0002035,2036,447,2024-09-11 09:00:00,693.08,3,1740.14,339.1,Payaxis,Mobiles & Tablets,complete
ORD0002036,2037,493,2024-09-11 12:00:00,274.45,3,823.35,0.0,jazzwallet,Mobiles & Tablets,complete
ORD0002037,2038,366,2024-09-11 15:00:00,889.85,2,1779.7,0.0,cod,Women's Fashion,complete
ORD0002038,2039,662,2024-09-11 18:00:00,2587.49,4,9862.86,487.1,easypay_voucher,Beauty & Grooming,complete
ORD0002039,2040,676,2024-09-11 21:00:00,1718.36,4,6873.44,0.0,Payaxis,Appliances,complete
ORD0002040,2041,303,2024-09-12 00:00:00,1113.46,1,1113.46,0.0,cod,Women's Fashion,complete
ORD0002041,2042,331,2024-09-12 03:00:00,519.98,3,1559.94,0.0,Payaxis,Women's Fashion,canceled
ORD0002042,2043,152,2024-09-12 06:00:00,1300.05,4,5200.2,0.0,easypay_voucher,Appliances,complete
ORD0002043,2044,548,2024-09-12 09:00:00,2343.99,2,4687.98,0.0,jazzwallet,Beauty & Grooming,complete
ORD0002044,2045,651,2024-09-12 12:00:00,1514.8,1,1514.8,0.0,jazzwallet,Beauty & Grooming,complete
ORD0002045,2046,461,2024-09-12 15:00:00,1242.71,1,1242.71,0.0,cod,Mobiles & Tablets,complete
ORD0002046,2047,141,2024-09-12 18:00:00,603.22,3,1809.66,0.0,cod,Women's Fashion,complete
ORD0002047,2048,363,2024-09-12 21:00:00,2101.46,4,8272.15,133.69,easypay_voucher,Men's Fashion,complete
ORD0002048,2049,556,2024-09-13 00:00:00,104.7,1,0.0,505.2,cod,Appliances,complete
ORD0002049,2050,30,2024-09-13 03:00:00,1461.38,3,4384.14,0.0,cod,Women's Fashion,canceled
ORD0002050,2051,413,2024-09-13 06:00:00,7538.22,2,14770.91,305.53,jazzwallet,Beauty & Grooming,complete
ORD0002051,2052,460,2024-09-13 09:00:00,353.8,2,132.17,575.43,cod,Women's Fashion,canceled
ORD0002052,2053,376,2024-09-13 12:00:00,915.04,3,2745.12,0.0,cod,Appliances,canceled
ORD0002053,2054,450,2024-09-13 15:00:00,1090.15,4,4360.6,0.0,jazzwallet,Mobiles & Tablets,complete
ORD0002054,2055,627,2024-09-13 18:00:00,775.15,1,462.09,313.06,cod,Beauty & Grooming,canceled
ORD0002055,2056,88,2024-09-13 21:00:00,2385.78,1,2385.78,0.0,cod,Mobiles & Tablets,complete
ORD0002056,2057,399,2024-09-14 00:00:00,1562.96,2,3125.92,0.0,jazzwallet,Men's Fashion,canceled
ORD0002057,2058,557,2024-09-14 03:00:00,1229.33,2,2458.66,0.0,cod,Beauty & Grooming,complete
ORD0002058,2059,575,2024-09-14 06:00:00,1994.11,3,5982.33,0.0,cod,Beauty & Grooming,complete
ORD0002059,2060,327,2024-09-14 09:00:00,1110.5,3,3331.5,0.0,cod,Women's Fashion,complete
ORD0002060,2061,698,2024-09-14 12:00:00,11907.2,1,11667.43,239.77,jazzwallet,Women's Fashion,complete
ORD0002061,2062,227,2024-09-14 15:00:00,1228.45,2,2456.9,0.0,cod,Mobiles & Tablets,complete
ORD0002062,2063,309,2024-09-14 18:00:00,1269.61,3,3808.83,0.0,easypay_voucher,Beauty & Grooming,complete
ORD0002063,2064,576,2024-09-14 21:00:00,304.04,2,608.08,0.0,cod,Mobiles & Tablets,complete
ORD0002064,2065,308,2024-09-15 00:00:00,729.54,3,2188.62,0.0,cod,Mobiles & Tablets,canceled
ORD0002065,2066,241,2024-09-15 03:00:00,2592.9,2,5185.8,0.0,jazzwallet,Women's Fashion,complete
ORD0002066,2067,389,2024-09-15 06:00:00,402.79,2,543.65,261.93,easypay_voucher,Mobiles & Tablets,complete
ORD0002067,2068,435,2024-09-15 09:00:00,217.42,1,0.0,640.59,jazzwallet,Mobiles & Tablets,complete
ORD0002068,2069,679,2024-09-15 12:00:00,1123.54,1,1123.54,0.0,cod,Appliances,complete
ORD0002069,2070,432,2024-09-15 15:00:00,3065.78,1,2650.01,415.77,easypay_voucher,Appliances,complete
ORD0002070,2071,130,2024-09-15 18:00:00,1132.05,3,3396.15,0.0,jazzwallet,Men's Fashion,complete
ORD0002071,2072,37,2024-09-15 21:00:00,852.27,1,852.27,0.0,cod,Appliances,canceled
ORD0002072,2073,677,2024-09-16 00:00:00,272.09,3,816.27,0.0,cod,Appliances,complete
ORD0002073,2074,296,2024-09-16 03:00:00,1539.47,4,5546.0,611.88,jazzwallet,Men's Fashion,canceled
ORD0002074,2075,141,2024-09-16 06:00:00,1800.75,3,5402.25,0.0,cod,Appliances,canceled
ORD0002075,2076,156,2024-09-16 09:00:00,288.21,3,351.09,513.54,easypay_voucher,Women's Fashion,complete
ORD0002076,2077,75,2024-09-16 12:00:00,2568.04,1,2568.04,0.0,jazzwallet,Beauty & Grooming,complete
ORD0002077,2078,140,2024-09-16 15:00:00,1947.44,2,3773.47,121.41,cod,Mobiles & Tablets,complete
ORD0002078,2079,546,2024-09-16 18:00:00,2563.78,4,10255.12,0.0,cod,Men's Fashion,complete
ORD0002079,2080,458,2024-09-16 21:00:00,1698.74,2,3397.48,0.0,cod,Men's Fashion,complete
ORD0002080,2081,420,2024-09-17 00:00:00,1790.52,4,7162.08,0.0,cod,Men's Fashion,canceled
ORD0002081,2082,8,2024-09-17 03:00:00,1620.58,3,4861.74,0.0,cod,Beauty & Grooming,canceled
ORD0002082,2083,470,2024-09-17 06:00:00,2103.49,2,4049.36,157.62,Payaxis,Appliances,canceled
ORD0002083,2084,678,2024-09-17 09:00:00,280.32,1,280.32,0.0,cod,Women's Fashion,complete
ORD0002084,2085,646,2024-09-17 12:00:00,355.74,1,355.74,0.0,Payaxis,Women's Fashion,canceled
ORD0002085,2086,277,2024-09-17 15:00:00,631.43,2,1262.86,0.0,cod,Beauty & Grooming,canceled
ORD0002086,2087,420,2024-09-17 18:00:00,994.89,2,1333.78,656.0,cod,Women's Fashion,complete
ORD0002087,2088,209,2024-09-17 21:00:00,1467.19,3,4401.57,0.0,cod,Men's Fashion,complete
ORD0002088,2089,622,2024-09-18 00:00:00,1399.0,3,4197.0,0.0,Payaxis,Mobiles & Tablets,complete
ORD0002089,2090,644,2024-09-18 03:00:00,2534.7,2,5069.4,0.0,cod,Men's Fashion,canceled
ORD0002090,2091,156,2024-09-18 06:00:00,2595.08,3,7785.24,0.0,cod,Appliances,complete
ORD0002091,2092,341,2024-09-18 09:00:00,570.04,4,1707.95,572.21,jazzwallet,Women's Fashion,canceled
ORD0002092,2093,166,2024-09-18 12:00:00,1311.51,3,3934.53,0.0,easypay_voucher,Women's Fashion,complete
ORD0002093,2094,430,2024-09-18 15:00:00,580.64,4,2322.56,0.0,cod,Women's Fashion,complete
ORD0002094,2095,205,2024-09-18 18:00:00,952.24,2,1904.48,0.0,jazzwallet,Beauty & Grooming,complete
ORD0002095,2096,487,2024-09-18 21:00:00,1395.97,4,5583.88,0.0,cod,Beauty & Grooming,complete
ORD0002096,2097,687,2024-09-19 00:00:00,85.07,2,32.74,137.4,cod,Mobiles & Tablets,canceled
ORD0002097,2098,610,2024-09-19 03:00:00,6690.43,1,6690.43,0.0,easypay_voucher,Mobiles & Tablets,complete
ORD0002098,2099,128,2024-09-19 06:00:00,1677.08,1,1620.75,56.33,cod,Men's Fashion,complete
ORD0002099,2100,91,2024-09-19 09:00:00,701.5,1,701.5,0.0,cod,Beauty & Grooming,canceled
ORD0002100,2101,570,2024-09-19 12:00:00,4654.21,4,18616.84,0.0,Payaxis,Women's Fashion,complete
ORD0002101,2102,58,2024-09-19 15:00:00,845.08,1,845.08,0.0,cod,Beauty & Grooming,canceled
ORD0002102,2103,280,2024-09-19 18:00:00,1211.23,4,4844.92,0.0,Payaxis,Appliances,canceled
ORD0002103,2104,695,2024-09-19 21:00:00,761.02,4,3044.08,0.0,jazzwallet,Women's Fashion,complete
ORD0002104,2105,314,2024-09-20 00:00:00,3785.73,2,7156.58,414.88,easypay_voucher,Men's Fashion,canceled
ORD0002105,2106,7,2024-09-20 03:00:00,1013.6,4,4054.4,0.0,Payaxis,Men's Fashion,complete
ORD0002106,2107,682,2024-09-20 06:00:00,1226.74,4,4906.96,0.0,Payaxis,Mobiles & Tablets,canceled
ORD0002107,2108,496,2024-09-20 09:00:00,2704.94,4,10819.76,0.0,jazzwallet,Women's Fashion,complete
ORD0002108,2109,232,2024-09-20 12:00:00,1700.8,2,3401.6,0.0,cod,Men's Fashion,complete
ORD0002109,2110,428,2024-09-20 15:00:00,1052.83,2,1839.59,266.07,cod,Men's Fashion,complete
ORD0002110,2111,428,2024-09-20 18:00:00,2521.96,1,2521.96,0.0,easypay_voucher,Mobiles & Tablets,complete
ORD0002111,2112,387,2024-09-20 21:00:00,7360.35,4,29441.4,0.0,easypay_voucher,Appliances,complete
ORD0002112,2113,672,2024-09-21 00:00:00,1391.39,4,5565.56,0.0,cod,Beauty & Grooming,canceled
ORD0002113,2114,550,2024-09-21 03:00:00,1197.0,3,3591.0,0.0,easypay_voucher,Women's Fashion,canceled
ORD0002114,2115,182,2024-09-21 06:00:00,1246.34,1,1246.34,0.0,cod,Women's Fashion,complete
ORD0002115,2116,694,2024-09-21 09:00:00,2930.19,4,11073.13,647.63,jazzwallet,Beauty & Grooming,complete
ORD0002116,2117,673,2024-09-21 12:00:00,699.67,2,1399.34,0.0,cod,Women's Fashion,canceled
ORD0002117,2118,33,2024-09-21 15:00:00,890.04,3,2165.24,504.88,cod,Appliances,complete
ORD0002118,2119,208,2024-09-21 18:00:00,346.17,3,539.61,498.9,cod,Women's Fashion,canceled
ORD0002119,2120,430,2024-09-21 21:00:00,451.29,1,139.29,312.0,cod,Women's Fashion,canceled
ORD0002120,2121,614,2024-09-22 00:00:00,743.71,1,743.71,0.0,cod,Women's Fashion,complete
ORD0002121,2122,502,2024-09-22 03:00:00,1051.58,1,1051.58,0.0,cod,Appliances,complete
ORD0002122,2123,402,2024-09-22 06:00:00,4133.22,4,16414.93,117.95,cod,Appliances,complete
ORD0002123,2124,214,2024-09-22 09:00:00,1639.25,4,6464.29,92.71,cod,Women's Fashion,canceled
ORD0002124,2125,68,2024-09-22 12:00:00,553.32,2,1106.64,0.0,cod,Mobiles & Tablets,complete
ORD0002125,2126,625,2024-09-22 15:00:00,635.25,2,1161.42,109.08,cod,Beauty & Grooming,complete
ORD0002126,2127,373,2024-09-22 18:00:00,3075.0,2,6150.0,0.0,cod,Beauty & Grooming,canceled
ORD0002127,2128,320,2024-09-22 21:00:00,2552.83,2,4799.59,306.07,cod,Mobiles & Tablets,complete
ORD0002128,2129,686,2024-09-23 00:00:00,1120.03,3,3360.09,0.0,cod,Men's Fashion,canceled
ORD0002129,2130,115,2024-09-23 03:00:00,786.9,2,1573.8,0.0,cod,Beauty & Grooming,canceled
ORD0002130,2131,178,2024-09-23 06:00:00,2549.62,3,7648.86,0.0,cod,Men's Fashion,canceled
ORD0002131,2132,598,2024-09-23 09:00:00,520.61,2,1041.22,0.0,Payaxis,Beauty & Grooming,complete
ORD0002132,2133,199,2024-09-23 12:00:00,1471.48,3,3984.96,429.48,jazzwallet,Appliances,canceled
ORD0002133,2134,660,2024-09-23 15:00:00,6029.95,4,23513.32,606.48,jazzwallet,Beauty & Grooming,complete
ORD0002134,2135,600,2024-09-23 18:00:00,1279.23,1,597.01,682.22,easypay_voucher,Mobiles & Tablets,complete
ORD0002135,2136,70,2024-09-23 21:00:00,612.96,1,11.83,601.13,easypay_voucher,Women's Fashion,canceled
ORD0002136,2137,320,2024-09-24 00:00:00,1491.86,3,4475.58,0.0,cod,Women's Fashion,complete
ORD0002137,2138,526,2024-09-24 03:00:00,770.85,1,44.75,726.1,Payaxis,Beauty & Grooming,canceled
ORD0002138,2139,343,2024-09-24 06:00:00,385.45,1,0.0,415.79,Payaxis,Men's Fashion,complete
ORD0002139,2140,151,2024-09-24 09:00:00,1855.25,4,6914.31,506.69,jazzwallet,Men's Fashion,complete
ORD0002140,2141,32,2024-09-24 12:00:00,2536.08,2,5072.16,0.0,jazzwallet,Mobiles & Tablets,complete
ORD0002141,2142,5,2024-09-24 15:00:00,868.55,3,2605.65,0.0,cod,Appliances,complete
ORD0002142,2143,125,2024-09-24 18:00:00,826.4,4,3305.6,0.0,Payaxis,Beauty & Grooming,complete
ORD0002143,2144,183,2024-09-24 21:00:00,533.16,1,533.16,0.0,Payaxis,Mobiles & Tablets,canceled
ORD0002144,2145,211,2024-09-25 00:00:00,980.0,2,1960.0,0.0,cod,Men's Fashion,complete
ORD0002145,2146,598,2024-09-25 03:00:00,719.26,1,719.26,0.0,jazzwallet,Men's Fashion,complete
ORD0002146,2147,356,2024-09-25 06:00:00,513.74,2,1027.48,0.0,cod,Beauty & Grooming,complete
ORD0002147,2148,99,2024-09-25 09:00:00,4532.94,1,4532.94,0.0,jazzwallet,Women's Fashion,complete
ORD0002148,2149,59,2024-09-25 12:00:00,1555.99,4,5826.02,397.94,Payaxis,Men's Fashion,complete
ORD0002149,2150,92,2024-09-25 15:00:00,1684.62,2,3369.24,0.0,cod,Men's Fashion,complete
ORD0002150,2151,220,2024-09-25 18:00:00,2127.17,1,1784.44,342.73,easypay_voucher,Women's Fashion,complete
ORD0002151,2152,517,2024-09-25 21:00:00,1955.26,1,1680.68,274.58,cod,Men's Fashion,canceled
ORD0002152,2153,35,2024-09-26 00:00:00,804.46,1,804.46,0.0,Payaxis,Mobiles & Tablets,canceled
ORD0002153,2154,285,2024-09-26 03:00:00,1345.36,1,792.35,553.01,Payaxis,Beauty & Grooming,complete
ORD0002154,2155,313,2024-09-26 06:00:00,896.26,1,896.26,0.0,easypay_voucher,Women's Fashion,complete
ORD0002155,2156,104,2024-09-26 09:00:00,1523.63,3,4570.89,0.0,jazzwallet,Men's Fashion,complete
ORD0002156,2157,41,2024-09-26 12:00:00,1416.96,4,5667.84,0.0,cod,Appliances,complete
ORD0002157,2158,161,2024-09-26 15:00:00,823.04,4,3292.16,0.0,cod,Appliances,complete
ORD0002158,2159,107,2024-09-26 18:00:00,404.65,4,1618.6,0.0,cod,Mobiles & Tablets,complete
ORD0002159,2160,556,2024-09-26 21:00:00,1223.75,4,4895.0,0.0,cod,Mobiles & Tablets,complete
ORD0002160,2161,641,2024-09-27 00:00:00,940.86,2,1871.35,10.37,cod,Mobiles & Tablets,complete
ORD0002161,2162,436,2024-09-27 03:00:00,265.66,2,123.47,407.85,cod,Appliances,complete
ORD0002162,2163,531,2024-09-27 06:00:00,1604.79,3,4814.37,0.0,cod,Appliances,canceled
ORD0002163,2164,532,2024-09-27 09:00:00,2262.0,2,4524.0,0.0,cod,Appliances,complete
ORD0002164,2165,614,2024-09-27 12:00:00,7304.66,3,21513.81,400.17,jazzwallet,Appliances,canceled
ORD0002165,2166,69,2024-09-27 15:00:00,817.79,4,3271.16,0.0,cod,Women's Fashion,canceled
ORD0002166,2167,697,2024-09-27 18:00:00,732.14,1,732.14,0.0,jazzwallet,Women's Fashion,complete
ORD0002167,2168,321,2024-09-27 21:00:00,477.2,4,1849.12,59.68,cod,Appliances,canceled
ORD0002168,2169,380,2024-09-28 00:00:00,1282.39,4,4395.72,733.84,cod,Men's Fashion,canceled
ORD0002169,2170,558,2024-09-28 03:00:00,1276.32,3,3828.96,0.0,easypay_voucher,Beauty & Grooming,canceled
ORD0002170,2171,346,2024-09-28 06:00:00,596.77,2,647.16,546.38,cod,Beauty & Grooming,complete
ORD0002171,2172,186,2024-09-28 09:00:00,961.8,2,1726.82,196.78,cod,Beauty & Grooming,complete
ORD0002172,2173,14,2024-09-28 12:00:00,248.64,1,248.64,0.0,easypay_voucher,Beauty & Grooming,canceled
ORD0002173,2174,119,2024-09-28 15:00:00,2196.86,2,4393.72,0.0,cod,Men's Fashion,complete
ORD0002174,2175,59,2024-09-28 18:00:00,615.23,3,1845.69,0.0,cod,Mobiles & Tablets,canceled
ORD0002175,2176,267,2024-09-28 21:00:00,1068.5,3,3205.5,0.0,easypay_voucher,Women's Fashion,complete
ORD0002176,2177,545,2024-09-29 00:00:00,376.15,1,376.15,0.0,cod,Appliances,canceled
ORD0002177,2178,234,2024-09-29 03:00:00,708.56,3,2125.68,0.0,Payaxis,Appliances,complete
ORD0002178,2179,418,2024-09-29 06:00:00,889.19,4,3556.76,0.0,cod,Men's Fashion,complete
ORD0002179,2180,130,2024-09-29 09:00:00,1087.39,1,1087.39,0.0,jazzwallet,Men's Fashion,complete
ORD0002180,2181,413,2024-09-29 12:00:00,1571.52,1,1571.52,0.0,Payaxis,Women's Fashion,complete
ORD0002181,2182,667,2024-09-29 15:00:00,3226.99,4,12907.96,0.0,jazzwallet,Beauty & Grooming,complete
ORD0002182,2183,221,2024-09-29 18:00:00,1899.86,3,5699.58,0.0,Payaxis,Mobiles & Tablets,complete
ORD0002183,2184,338,2024-09-29 21:00:00,2256.62,3,6435.72,334.14,cod,Men's Fashion,complete
ORD0002184,2185,674,2024-09-30 00:00:00,3244.05,4,12976.2,0.0,easypay_voucher,Men's Fashion,complete
ORD0002185,2186,426,2024-09-30 03:00:00,1681.23,3,5043.69,0.0,cod,Beauty & Grooming,canceled
ORD0002186,2187,280,2024-09-30 06:00:00,1066.85,3,2592.33,608.22,Payaxis,Women's Fashion,canceled
ORD0002187,2188,85,2024-09-30 09:00:00,2337.49,1,2317.76,19.73,easypay_voucher,Mobiles & Tablets,canceled
ORD0002188,2189,656,2024-09-30 12:00:00,2452.24,4,9808.96,0.0,cod,Men's Fashion,canceled
ORD0002189,2190,427,2024-09-30 15:00:00,1783.66,4,7134.64,0.0,jazzwallet,Mobiles & Tablets,complete
ORD0002190,2191,40,2024-09-30 18:00:00,368.35,2,736.7,0.0,cod,Women's Fashion,complete
ORD0002191,2192,389,2024-09-30 21:00:00,583.42,3,1750.26,0.0,easypay_voucher,Beauty & Grooming,complete
ORD0002192,2193,677,2024-10-01 00:00:00,892.35,3,2427.42,249.63,Payaxis,Women's Fashion,complete
ORD0002193,2194,652,2024-10-01 03:00:00,1967.89,1,1357.24,610.65,cod,Beauty & Grooming,complete
ORD0002194,2195,137,2024-10-01 06:00:00,1079.22,1,1079.22,0.0,easypay_voucher,Appliances,complete
ORD0002195,2196,289,2024-10-01 09:00:00,2572.55,3,7342.61,375.04,Payaxis,Beauty & Grooming,complete
ORD0002196,2197,690,2024-10-01 12:00:00,2940.77,3,8822.31,0.0,cod,Men's Fashion,complete
ORD0002197,2198,547,2024-10-01 15:00:00,2695.6,3,7925.09,161.71,easypay_voucher,Beauty & Grooming,canceled
ORD0002198,2199,392,2024-10-01 18:00:00,2708.51,2,5417.02,0.0,cod,Men's Fashion,complete
ORD0002199,2200,213,2024-10-01 21:00:00,503.84,4,2015.36,0.0,Payaxis,Women's Fashion,canceled
ORD0002200,2201,534,2024-10-02 00:00:00,1574.95,2,2744.1,405.8,cod,Appliances,canceled
ORD0002201,2202,405,2024-10-02 03:00:00,695.31,1,695.31,0.0,jazzwallet,Men's Fashion,complete
ORD0002202,2203,367,2024-10-02 06:00:00,318.37,1,318.37,0.0,jazzwallet,Men's Fashion,complete
ORD0002203,2204,648,2024-10-02 09:00:00,883.95,4,3421.2,114.6,cod,Mobiles & Tablets,complete
ORD0002204,2205,264,2024-10-02 12:00:00,2961.8,3,8885.4,0.0,cod,Mobiles & Tablets,canceled
ORD0002205,2206,437,2024-10-02 15:00:00,1549.3,2,3098.6,0.0,easypay_voucher,Women's Fashion,complete
ORD0002206,2207,31,2024-10-02 18:00:00,4980.86,1,4980.86,0.0,Payaxis,Beauty & Grooming,complete
ORD0002207,2208,498,2024-10-02 21:00:00,1252.53,1,1252.53,0.0,cod,Men's Fashion,complete
ORD0002208,2209,383,2024-10-03 00:00:00,6876.41,1,6876.41,0.0,cod,Women's Fashion,complete
ORD0002209,2210,613,2024-10-03 03:00:00,1252.81,1,896.45,356.36,cod,Beauty & Grooming,complete
ORD0002210,2211,233,2024-10-03 06:00:00,1115.28,3,2590.93,754.91,jazzwallet,Appliances,complete
ORD0002211,2212,647,2024-10-03 09:00:00,420.09,1,420.09,0.0,cod,Mobiles & Tablets,complete
ORD0002212,2213,403,2024-10-03 12:00:00,2522.29,1,2522.29,0.0,jazzwallet,Women's Fashion,complete
ORD0002213,2214,146,2024-10-03 15:00:00,752.5,2,1505.0,0.0,easypay_voucher,Mobiles & Tablets,complete
ORD0002214,2215,113,2024-10-03 18:00:00,675.0,3,1992.66,32.34,jazzwallet,Men's Fashion,complete
ORD0002215,2216,137,2024-10-03 21:00:00,2866.72,2,5733.44,0.0,cod,Men's Fashion,complete
ORD0002216,2217,212,2024-10-04 00:00:00,2614.08,1,2614.08,0.0,cod,Appliances,canceled
ORD0002217,2218,385,2024-10-04 03:00:00,2563.27,3,7468.9,220.91,jazzwallet,Mobiles & Tablets,complete
ORD0002218,2219,607,2024-10-04 06:00:00,835.77,2,1671.54,0.0,jazzwallet,Men's Fashion,complete
ORD0002219,2220,696,2024-10-04 09:00:00,1055.5,1,1055.5,0.0,cod,Men's Fashion,complete
ORD0002220,2221,475,2024-10-04 12:00:00,1048.49,3,2707.49,437.98,cod,Men's Fashion,canceled
ORD0002221,2222,343,2024-10-04 15:00:00,1972.17,4,7888.68,0.0,cod,Appliances,canceled
ORD0002222,2223,429,2024-10-04 18:00:00,3516.33,3,9797.13,751.86,cod,Men's Fashion,canceled
ORD0002223,2224,232,2024-10-04 21:00:00,1445.35,1,1445.35,0.0,cod,Men's Fashion,canceled
ORD0002224,2225,172,2024-10-05 00:00:00,4823.08,2,9091.36,554.8,jazzwallet,Women's Fashion,complete
ORD0002225,2226,376,2024-10-05 03:00:00,2149.3,3,5874.76,573.14,cod,Appliances,canceled
ORD0002226,2227,579,2024-10-05 06:00:00,919.56,4,3501.32,176.92,Payaxis,Mobiles & Tablets,canceled
ORD0002227,2228,46,2024-10-05 09:00:00,2041.69,4,7663.53,503.23,cod,Beauty & Grooming,canceled
ORD0002228,2229,78,2024-10-05 12:00:00,3942.05,4,15243.86,524.34,cod,Beauty & Grooming,complete
ORD0002229,2230,124,2024-10-05 15:00:00,4908.47,4,19633.88,0.0,easypay_voucher,Appliances,complete
ORD0002230,2231,147,2024-10-05 18:00:00,2670.89,3,7212.71,799.96,cod,Women's Fashion,canceled
ORD0002231,2232,105,2024-10-05 21:00:00,1117.95,3,3321.66,32.19,easypay_voucher,Appliances,complete
ORD0002232,2233,91,2024-10-06 00:00:00,932.14,3,2634.58,161.84,cod,Women's Fashion,complete
ORD0002233,2234,20,2024-10-06 03:00:00,1689.27,3,5067.81,0.0,jazzwallet,Men's Fashion,complete
ORD0002234,2235,244,2024-10-06 06:00:00,3848.66,3,11422.43,123.55,Payaxis,Men's Fashion,complete
ORD0002235,2236,505,2024-10-06 09:00:00,1518.27,1,1518.27,0.0,jazzwallet,Mobiles & Tablets,complete
ORD0002236,2237,110,2024-10-06 12:00:00,1542.1,4,6168.4,0.0,cod,Beauty & Grooming,complete
ORD0002237,2238,228,2024-10-06 15:00:00,1139.73,1,1139.73,0.0,cod,Men's Fashion,complete
ORD0002238,2239,681,2024-10-06 18:00:00,857.55,2,1180.32,534.78,cod,Men's Fashion,canceled
ORD0002239,2240,118,2024-10-06 21:00:00,971.07,2,1942.14,0.0,easypay_voucher,Beauty & Grooming,complete
ORD0002240,2241,691,2024-10-07 00:00:00,1213.87,4,4855.48,0.0,cod,Women's Fashion,complete
ORD0002241,2242,359,2024-10-07 03:00:00,3978.16,1,3310.77,667.39,cod,Appliances,complete
ORD0002242,2243,507,2024-10-07 06:00:00,916.18,2,1832.36,0.0,cod,Men's Fashion,complete
ORD0002243,2244,227,2024-10-07 09:00:00,1140.77,2,2281.54,0.0,cod,Men's Fashion,complete
ORD0002244,2245,227,2024-10-07 12:00:00,573.05,1,0.0,731.33,cod,Appliances,complete
ORD0002245,2246,275,2024-10-07 15:00:00,1877.08,1,1877.08,0.0,cod,Women's Fashion,canceled
ORD0002246,2247,90,2024-10-07 18:00:00,3056.45,2,6112.9,0.0,cod,Mobiles & Tablets,complete
ORD0002247,2248,221,2024-10-07 21:00:00,3708.47,4,14447.3,386.58,easypay_voucher,Beauty & Grooming,complete
ORD0002248,2249,626,2024-10-08 00:00:00,1277.33,2,2554.66,0.0,cod,Women's Fashion,canceled
ORD0002249,2250,3,2024-10-08 03:00:00,1687.1,4,6454.71,293.69,cod,Appliances,complete
ORD0002250,2251,400,2024-10-08 06:00:00,977.34,3,2256.99,675.03,easypay_voucher,Men's Fashion,canceled
ORD0002251,2252,482,2024-10-08 09:00:00,1629.48,4,6091.4,426.52,Payaxis,Women's Fashion,complete
ORD0002252,2253,99,2024-10-08 12:00:00,1387.8,4,5551.2,0.0,cod,Appliances,canceled
ORD0002253,2254,78,2024-10-08 15:00:00,1145.62,3,3436.86,0.0,easypay_voucher,Beauty & Grooming,canceled
ORD0002254,2255,387,2024-10-08 18:00:00,1215.99,3,3647.97,0.0,jazzwallet,Men's Fashion,canceled
ORD0002255,2256,154,2024-10-08 21:00:00,1539.08,1,1539.08,0.0,easypay_voucher,Appliances,complete
ORD0002256,2257,684,2024-10-09 00:00:00,879.53,3,2638.59,0.0,jazzwallet,Beauty & Grooming,complete
ORD0002257,2258,134,2024-10-09 03:00:00,914.27,1,914.27,0.0,Payaxis,Appliances,complete
ORD0002258,2259,92,2024-10-09 06:00:00,3946.25,3,11838.75,0.0,cod,Mobiles & Tablets,complete
ORD0002259,2260,232,2024-10-09 09:00:00,8374.19,3,24978.07,144.5,cod,Mobiles & Tablets,canceled
ORD0002260,2261,233,2024-10-09 12:00:00,444.4,4,1777.6,0.0,Payaxis,Men's Fashion,canceled
ORD0002261,2262,112,2024-10-09 15:00:00,426.41,3,1279.23,0.0,jazzwallet,Mobiles & Tablets,complete
ORD0002262,2263,465,2024-10-09 18:00:00,534.93,2,1069.86,0.0,cod,Appliances,canceled
ORD0002263,2264,243,2024-10-09 21:00:00,1014.89,2,2029.78,0.0,cod,Beauty & Grooming,canceled
ORD0002264,2265,369,2024-10-10 00:00:00,2147.02,3,6441.06,0.0,easypay_voucher,Women's Fashion,canceled
ORD0002265,2266,171,2024-10-10 03:00:00,1708.62,2,2905.51,511.73,cod,Women's Fashion,complete
ORD0002266,2267,68,2024-10-10 06:00:00,1247.66,2,2495.32,0.0,Payaxis,Appliances,complete
ORD0002267,2268,43,2024-10-10 09:00:00,1630.6,2,3261.2,0.0,easypay_voucher,Women's Fashion,complete
ORD0002268,2269,37,2024-10-10 12:00:00,652.58,3,1957.74,0.0,Payaxis,Women's Fashion,complete
ORD0002269,2270,609,2024-10-10 15:00:00,913.16,1,521.6,391.56,jazzwallet,Women's Fashion,complete
ORD0002270,2271,185,2024-10-10 18:00:00,1080.23,3,3166.37,74.32,easypay_voucher,Men's Fashion,complete
ORD0002271,2272,214,2024-10-10 21:00:00,334.23,2,668.46,0.0,easypay_voucher,Mobiles & Tablets,canceled
ORD0002272,2273,405,2024-10-11 00:00:00,458.98,2,917.96,0.0,Payaxis,Women's Fashion,complete
ORD0002273,2274,67,2024-10-11 03:00:00,472.87,2,945.74,0.0,jazzwallet,Beauty & Grooming,complete
ORD0002274,2275,420,2024-10-11 06:00:00,1945.12,1,1945.12,0.0,jazzwallet,Mobiles & Tablets,complete
ORD0002275,2276,365,2024-10-11 09:00:00,1318.19,3,3197.88,756.69,cod,Men's Fashion,complete
ORD0002276,2277,554,2024-10-11 12:00:00,1734.19,3,5121.17,81.4,easypay_voucher,Men's Fashion,canceled
ORD0002277,2278,87,2024-10-11 15:00:00,275.96,4,1103.84,0.0,cod,Beauty & Grooming,canceled
ORD0002278,2279,12,2024-10-11 18:00:00,360.44,2,80.78,640.1,jazzwallet,Women's Fashion,complete
ORD0002279,2280,541,2024-10-11 21:00:00,1803.37,3,5410.11,0.0,easypay_voucher,Women's Fashion,complete
ORD0002280,2281,259,2024-10-12 00:00:00,136.46,3,409.38,0.0,cod,Appliances,complete
ORD0002281,2282,44,2024-10-12 03:00:00,2747.57,3,8242.71,0.0,cod,Men's Fashion,canceled
ORD0002282,2283,389,2024-10-12 06:00:00,279.36,3,838.08,0.0,cod,Appliances,complete
ORD0002283,2284,325,2024-10-12 09:00:00,2064.22,4,8069.92,186.96,Payaxis,Mobiles & Tablets,complete
ORD0002284,2285,665,2024-10-12 12:00:00,563.16,4,1553.35,699.29,cod,Mobiles & Tablets,complete
ORD0002285,2286,660,2024-10-12 15:00:00,2408.3,1,2408.3,0.0,cod,Beauty & Grooming,complete
ORD0002286,2287,377,2024-10-12 18:00:00,12162.6,2,24325.2,0.0,jazzwallet,Appliances,canceled
ORD0002287,2288,112,2024-10-12 21:00:00,199.36,3,102.47,495.61,Payaxis,Mobiles & Tablets,complete
ORD0002288,2289,523,2024-10-13 00:00:00,1847.4,3,5370.17,172.03,cod,Women's Fashion,complete
ORD0002289,2290,141,2024-10-13 03:00:00,282.56,2,222.42,342.7,cod,Mobiles & Tablets,canceled
ORD0002290,2291,586,2024-10-13 06:00:00,1510.32,1,1510.32,0.0,jazzwallet,Appliances,canceled
ORD0002291,2292,420,2024-10-13 09:00:00,939.1,3,2817.3,0.0,Payaxis,Appliances,complete
ORD0002292,2293,248,2024-10-13 12:00:00,1208.74,3,3626.22,0.0,easypay_voucher,Men's Fashion,complete
ORD0002293,2294,685,2024-10-13 15:00:00,553.49,1,553.49,0.0,cod,Men's Fashion,complete
ORD0002294,2295,360,2024-10-13 18:00:00,1969.25,3,5866.22,41.53,cod,Men's Fashion,complete
ORD0002295,2296,270,2024-10-13 21:00:00,370.08,4,1480.32,0.0,cod,Men's Fashion,complete
ORD0002296,2297,133,2024-10-14 00:00:00,2782.84,3,8211.06,137.46,Payaxis,Men's Fashion,complete
ORD0002297,2298,454,2024-10-14 03:00:00,806.79,4,3227.16,0.0,cod,Men's Fashion,complete
ORD0002298,2299,189,2024-10-14 06:00:00,382.98,2,0.0,791.63,cod,Women's Fashion,canceled
ORD0002299,2300,107,2024-10-14 09:00:00,3627.15,1,3627.15,0.0,Payaxis,Beauty & Grooming,complete
ORD0002300,2301,83,2024-10-14 12:00:00,1042.62,3,2387.98,739.88,jazzwallet,Appliances,canceled
ORD0002301,2302,449,2024-10-14 15:00:00,4585.83,1,4585.83,0.0,Payaxis,Men's Fashion,complete
ORD0002302,2303,644,2024-10-14 18:00:00,2740.83,1,2306.97,433.86,cod,Beauty & Grooming,complete
ORD0002303,2304,177,2024-10-14 21:00:00,602.68,1,602.68,0.0,easypay_voucher,Men's Fashion,complete
ORD0002304,2305,152,2024-10-15 00:00:00,1028.91,4,3396.1,719.54,cod,Beauty & Grooming,canceled
ORD0002305,2306,429,2024-10-15 03:00:00,1200.84,4,4803.36,0.0,cod,Men's Fashion,complete
ORD0002306,2307,100,2024-10-15 06:00:00,3445.17,2,6890.34,0.0,easypay_voucher,Women's Fashion,canceled
ORD0002307,2308,62,2024-10-15 09:00:00,1522.54,3,4557.89,9.73,cod,Men's Fashion,canceled
ORD0002308,2309,446,2024-10-15 12:00:00,1251.65,2,2357.74,145.56,easypay_voucher,Appliances,complete
ORD0002309,2310,367,2024-10-15 15:00:00,943.97,1,943.97,0.0,jazzwallet,Men's Fashion,complete
ORD0002310,2311,21,2024-10-15 18:00:00,1055.83,4,4223.32,0.0,jazzwallet,Beauty & Grooming,complete
ORD0002311,2312,166,2024-10-15 21:00:00,2917.39,4,11669.56,0.0,cod,Mobiles & Tablets,canceled
ORD0002312,2313,139,2024-10-16 00:00:00,1099.68,2,1575.36,624.0,cod,Women's Fashion,canceled
ORD0002313,2314,477,2024-10-16 03:00:00,815.46,2,1630.92,0.0,cod,Mobiles & Tablets,complete
ORD0002314,2315,466,2024-10-16 06:00:00,718.11,4,2245.83,626.61,cod,Beauty & Grooming,canceled
ORD0002315,2316,523,2024-10-16 09:00:00,723.92,2,1110.11,337.73,cod,Women's Fashion,complete
ORD0002316,2317,70,2024-10-16 12:00:00,383.15,2,766.3,0.0,cod,Appliances,canceled
ORD0002317,2318,593,2024-10-16 15:00:00,624.67,2,990.93,258.41,Payaxis,Beauty & Grooming,canceled
ORD0002318,2319,147,2024-10-16 18:00:00,3373.87,2,6296.02,451.72,easypay_voucher,Women's Fashion,complete
ORD0002319,2320,694,2024-10-16 21:00:00,939.22,3,2817.66,0.0,jazzwallet,Mobiles & Tablets,complete
ORD0002320,2321,610,2024-10-17 00:00:00,1859.96,1,1859.96,0.0,cod,Men's Fashion,complete
ORD0002321,2322,322,2024-10-17 03:00:00,170.88,2,341.76,0.0,cod,Men's Fashion,canceled
ORD0002322,2323,550,2024-10-17 06:00:00,1679.47,2,2758.28,600.66,cod,Beauty & Grooming,canceled
ORD0002323,2324,469,2024-10-17 09:00:00,971.64,2,1943.28,0.0,cod,Beauty & Grooming,complete
ORD0002324,2325,541,2024-10-17 12:00:00,764.27,2,1528.54,0.0,cod,Women's Fashion,complete
ORD0002325,2326,13,2024-10-17 15:00:00,1256.04,2,2512.08,0.0,jazzwallet,Beauty & Grooming,complete
ORD0002326,2327,59,2024-10-17 18:00:00,756.07,2,901.12,611.02,cod,Men's Fashion,canceled
ORD0002327,2328,633,2024-10-17 21:00:00,222.98,4,891.92,0.0,cod,Appliances,complete
ORD0002328,2329,547,2024-10-18 00:00:00,2190.06,3,6570.18,0.0,easypay_voucher,Men's Fashion,complete
ORD0002329,2330,431,2024-10-18 03:00:00,1315.88,3,3947.64,0.0,easypay_voucher,Men's Fashion,canceled
ORD0002330,2331,219,2024-10-18 06:00:00,866.57,2,1733.14,0.0,easypay_voucher,Men's Fashion,canceled
ORD0002331,2332,295,2024-10-18 09:00:00,531.32,4,2125.28,0.0,cod,Women's Fashion,canceled
ORD0002332,2333,275,2024-10-18 12:00:00,364.16,1,364.16,0.0,Payaxis,Men's Fashion,complete
ORD0002333,2334,304,2024-10-18 15:00:00,1297.14,3,3891.42,0.0,cod,Men's Fashion,canceled
ORD0002334,2335,440,2024-10-18 18:00:00,3677.84,1,3140.45,537.39,cod,Men's Fashion,canceled
ORD0002335,2336,530,2024-10-18 21:00:00,1277.14,4,4475.09,633.47,Payaxis,Mobiles & Tablets,canceled
ORD0002336,2337,269,2024-10-19 00:00:00,388.75,2,777.5,0.0,jazzwallet,Beauty & Grooming,complete
ORD0002337,2338,583,2024-10-19 03:00:00,1298.33,2,2596.66,0.0,cod,Men's Fashion,complete
ORD0002338,2339,64,2024-10-19 06:00:00,1053.63,1,1053.63,0.0,easypay_voucher,Mobiles & Tablets,complete
ORD0002339,2340,565,2024-10-19 09:00:00,2096.52,4,8386.08,0.0,cod,Women's Fashion,complete
ORD0002340,2341,473,2024-10-19 12:00:00,1728.57,2,3457.14,0.0,cod,Beauty & Grooming,canceled
ORD0002341,2342,357,2024-10-19 15:00:00,116.82,2,233.64,0.0,cod,Men's Fashion,complete
ORD0002342,2343,263,2024-10-19 18:00:00,1650.66,4,6083.46,519.18,Payaxis,Beauty & Grooming,complete
ORD0002343,2344,260,2024-10-19 21:00:00,516.66,1,516.66,0.0,cod,Appliances,complete
ORD0002344,2345,252,2024-10-20 00:00:00,377.55,2,208.44,546.66,Payaxis,Appliances,canceled
ORD0002345,2346,661,2024-10-20 03:00:00,952.08,1,952.08,0.0,cod,Men's Fashion,canceled
ORD0002346,2347,19,2024-10-20 06:00:00,1492.53,1,1492.53,0.0,jazzwallet,Mobiles & Tablets,complete
ORD0002347,2348,444,2024-10-20 09:00:00,320.36,1,0.0,759.25,Payaxis,Men's Fashion,canceled
ORD0002348,2349,692,2024-10-20 12:00:00,1860.19,1,1356.04,504.15,cod,Beauty & Grooming,canceled
ORD0002349,2350,381,2024-10-20 15:00:00,1944.0,4,7003.24,772.76,cod,Appliances,canceled
ORD0002350,2351,447,2024-10-20 18:00:00,1135.96,2,2271.92,0.0,cod,Appliances,complete
ORD0002351,2352,419,2024-10-20 21:00:00,572.08,4,2288.32,0.0,jazzwallet,Beauty & Grooming,complete
ORD0002352,2353,354,2024-10-21 00:00:00,526.09,2,542.09,510.09,cod,Men's Fashion,canceled
ORD0002353,2354,441,2024-10-21 03:00:00,2367.17,4,9468.68,0.0,easypay_voucher,Men's Fashion,complete
ORD0002354,2355,632,2024-10-21 06:00:00,353.04,1,116.89,236.15,cod,Beauty & Grooming,complete
ORD0002355,2356,499,2024-10-21 09:00:00,2436.59,1,2436.59,0.0,Payaxis,Women's Fashion,canceled
ORD0002356,2357,594,2024-10-21 12:00:00,968.84,1,968.84,0.0,easypay_voucher,Men's Fashion,complete
ORD0002357,2358,387,2024-10-21 15:00:00,1020.58,4,4073.63,8.69,easypay_voucher,Men's Fashion,canceled
ORD0002358,2359,541,2024-10-21 18:00:00,304.58,3,725.1,188.64,jazzwallet,Beauty & Grooming,complete
ORD0002359,2360,612,2024-10-21 21:00:00,982.36,3,2947.08,0.0,cod,Mobiles & Tablets,complete
ORD0002360,2361,149,2024-10-22 00:00:00,1737.48,4,6949.92,0.0,Payaxis,Mobiles & Tablets,complete
ORD0002361,2362,601,2024-10-22 03:00:00,402.5,2,93.57,711.43,cod,Appliances,complete
ORD0002362,2363,480,2024-10-22 06:00:00,1593.96,3,4781.88,0.0,cod,Mobiles & Tablets,canceled
ORD0002363,2364,310,2024-10-22 09:00:00,1172.34,3,3517.02,0.0,jazzwallet,Mobiles & Tablets,complete
ORD0002364,2365,542,2024-10-22 12:00:00,676.67,3,1821.9,208.11,Payaxis,Beauty & Grooming,complete
ORD0002365,2366,118,2024-10-22 15:00:00,2081.83,3,6245.49,0.0,Payaxis,Women's Fashion,complete
ORD0002366,2367,489,2024-10-22 18:00:00,210.25,2,420.5,0.0,cod,Appliances,complete
ORD0002367,2368,404,2024-10-22 21:00:00,1422.27,1,642.88,779.39,cod,Women's Fashion,canceled
ORD0002368,2369,621,2024-10-23 00:00:00,3694.41,1,3694.41,0.0,cod,Mobiles & Tablets,canceled
ORD0002369,2370,434,2024-10-23 03:00:00,3229.1,3,9284.15,403.15,easypay_voucher,Mobiles & Tablets,canceled
ORD0002370,2371,368,2024-10-23 06:00:00,1469.03,3,4329.77,77.32,cod,Appliances,complete
ORD0002371,2372,366,2024-10-23 09:00:00,874.58,3,2609.18,14.56,cod,Mobiles & Tablets,complete
ORD0002372,2373,388,2024-10-23 12:00:00,680.72,3,2042.16,0.0,cod,Women's Fashion,complete
ORD0002373,2374,623,2024-10-23 15:00:00,873.76,1,873.76,0.0,cod,Men's Fashion,canceled
ORD0002374,2375,549,2024-10-23 18:00:00,1648.89,2,3297.78,0.0,cod,Men's Fashion,canceled
ORD0002375,2376,66,2024-10-23 21:00:00,598.58,2,683.32,513.84,cod,Beauty & Grooming,canceled
ORD0002376,2377,373,2024-10-24 00:00:00,1935.4,4,7741.6,0.0,jazzwallet,Appliances,complete
ORD0002377,2378,201,2024-10-24 03:00:00,5430.96,3,16292.88,0.0,easypay_voucher,Appliances,complete
ORD0002378,2379,115,2024-10-24 06:00:00,1046.9,3,2756.36,384.34,cod,Men's Fashion,complete
ORD0002379,2380,606,2024-10-24 09:00:00,400.1,3,1069.9,130.4,Payaxis,Men's Fashion,complete
ORD0002380,2381,600,2024-10-24 12:00:00,399.99,2,799.98,0.0,jazzwallet,Appliances,complete
ORD0002381,2382,657,2024-10-24 15:00:00,1963.38,4,7368.94,484.58,cod,Mobiles & Tablets,canceled
ORD0002382,2383,276,2024-10-24 18:00:00,1048.58,3,3145.74,0.0,cod,Men's Fashion,canceled
ORD0002383,2384,298,2024-10-24 21:00:00,2116.72,4,8466.88,0.0,cod,Appliances,canceled
ORD0002384,2385,544,2024-10-25 00:00:00,734.93,3,1981.87,222.92,cod,Appliances,canceled
ORD0002385,2386,135,2024-10-25 03:00:00,2044.62,3,6133.86,0.0,Payaxis,Mobiles & Tablets,complete
ORD0002386,2387,38,2024-10-25 06:00:00,973.87,1,973.87,0.0,jazzwallet,Appliances,complete
ORD0002387,2388,294,2024-10-25 09:00:00,633.1,3,1899.3,0.0,cod,Women's Fashion,complete
ORD0002388,2389,440,2024-10-25 12:00:00,811.8,1,811.8,0.0,Payaxis,Men's Fashion,complete
ORD0002389,2390,319,2024-10-25 15:00:00,446.84,3,1340.52,0.0,cod,Appliances,complete
ORD0002390,2391,148,2024-10-25 18:00:00,4875.7,3,14627.1,0.0,easypay_voucher,Beauty & Grooming,complete
ORD0002391,2392,364,2024-10-25 21:00:00,1020.16,3,2739.13,321.35,Payaxis,Women's Fashion,complete
ORD0002392,2393,659,2024-10-26 00:00:00,1778.25,2,3556.5,0.0,cod,Men's Fashion,complete
ORD0002393,2394,192,2024-10-26 03:00:00,733.15,1,626.78,106.37,cod,Men's Fashion,canceled
ORD0002394,2395,280,2024-10-26 06:00:00,498.23,3,1494.69,0.0,easypay_voucher,Women's Fashion,complete
ORD0002395,2396,219,2024-10-26 09:00:00,920.2,3,2760.6,0.0,jazzwallet,Mobiles & Tablets,complete
ORD0002396,2397,206,2024-10-26 12:00:00,2504.63,2,4908.86,100.4,cod,Women's Fashion,canceled
ORD0002397,2398,459,2024-10-26 15:00:00,742.08,3,2226.24,0.0,cod,Mobiles & Tablets,canceled
ORD0002398,2399,262,2024-10-26 18:00:00,570.84,4,1608.94,674.42,cod,Mobiles & Tablets,complete
ORD0002399,2400,435,2024-10-26 21:00:00,1232.25,3,3073.86,622.89,easypay_voucher,Women's Fashion,complete
ORD0002400,2401,14,2024-10-27 00:00:00,1594.42,1,1594.42,0.0,easypay_voucher,Appliances,complete
ORD0002401,2402,463,2024-10-27 03:00:00,3759.86,4,15039.44,0.0,Payaxis,Beauty & Grooming,complete
ORD0002402,2403,74,2024-10-27 06:00:00,1429.83,2,2661.87,197.79,Payaxis,Mobiles & Tablets,complete
ORD0002403,2404,264,2024-10-27 09:00:00,1777.56,3,5332.68,0.0,jazzwallet,Men's Fashion,complete
ORD0002404,2405,610,2024-10-27 12:00:00,1880.81,4,7523.24,0.0,Payaxis,Women's Fashion,canceled
ORD0002405,2406,236,2024-10-27 15:00:00,461.85,2,751.25,172.45,cod,Women's Fashion,complete
ORD0002406,2407,488,2024-10-27 18:00:00,532.46,3,1597.38,0.0,easypay_voucher,Beauty & Grooming,complete
ORD0002407,2408,246,2024-10-27 21:00:00,486.42,1,460.61,25.81,cod,Appliances,complete
ORD0002408,2409,631,2024-10-28 00:00:00,403.79,4,1615.16,0.0,cod,Women's Fashion,complete
ORD0002409,2410,665,2024-10-28 03:00:00,1991.4,1,1440.22,551.18,jazzwallet,Mobiles & Tablets,complete
ORD0002410,2411,636,2024-10-28 06:00:00,1363.13,3,4089.39,0.0,Payaxis,Mobiles & Tablets,complete
ORD0002411,2412,277,2024-10-28 09:00:00,1164.01,2,2328.02,0.0,jazzwallet,Mobiles & Tablets,complete
ORD0002412,2413,222,2024-10-28 12:00:00,156.88,1,0.0,772.86,cod,Appliances,canceled
ORD0002413,2414,424,2024-10-28 15:00:00,5123.57,2,9868.95,378.19,easypay_voucher,Men's Fashion,complete
ORD0002414,2415,571,2024-10-28 18:00:00,560.76,4,1554.93,688.11,easypay_voucher,Men's Fashion,canceled
ORD0002415,2416,366,2024-10-28 21:00:00,5109.51,1,4592.7,516.81,cod,Appliances,complete
ORD0002416,2417,516,2024-10-29 00:00:00,369.84,2,739.68,0.0,cod,Beauty & Grooming,canceled
ORD0002417,2418,613,2024-10-29 03:00:00,596.27,1,596.27,0.0,easypay_voucher,Women's Fashion,complete
ORD0002418,2419,526,2024-10-29 06:00:00,210.16,1,210.16,0.0,cod,Beauty & Grooming,complete
ORD0002419,2420,259,2024-10-29 09:00:00,1438.84,1,1438.84,0.0,jazzwallet,Appliances,canceled
ORD0002420,2421,175,2024-10-29 12:00:00,480.13,3,1440.39,0.0,cod,Appliances,complete
ORD0002421,2422,304,2024-10-29 15:00:00,490.41,4,1961.64,0.0,cod,Beauty & Grooming,complete
ORD0002422,2423,403,2024-10-29 18:00:00,391.75,3,470.78,704.47,Payaxis,Mobiles & Tablets,canceled
ORD0002423,2424,590,2024-10-29 21:00:00,1964.55,4,7685.86,172.34,cod,Appliances,complete
ORD0002424,2425,211,2024-10-30 00:00:00,1869.82,3,5609.36,0.1,jazzwallet,Beauty & Grooming,complete
ORD0002425,2426,113,2024-10-30 03:00:00,4268.53,2,8331.05,206.01,Payaxis,Beauty & Grooming,complete
ORD0002426,2427,221,2024-10-30 06:00:00,655.71,4,2622.84,0.0,cod,Women's Fashion,complete
ORD0002427,2428,416,2024-10-30 09:00:00,1292.22,1,635.2,657.02,Payaxis,Appliances,canceled
ORD0002428,2429,163,2024-10-30 12:00:00,416.96,3,1250.88,0.0,easypay_voucher,Beauty & Grooming,complete
ORD0002429,2430,280,2024-10-30 15:00:00,852.97,1,852.97,0.0,Payaxis,Beauty & Grooming,complete
ORD0002430,2431,180,2024-10-30 18:00:00,743.13,4,2608.07,364.45,Payaxis,Beauty & Grooming,complete
ORD0002431,2432,690,2024-10-30 21:00:00,1553.61,1,1240.96,312.65,Payaxis,Beauty & Grooming,canceled
ORD0002432,2433,359,2024-10-31 00:00:00,2351.4,1,2351.4,0.0,easypay_voucher,Men's Fashion,complete
ORD0002433,2434,505,2024-10-31 03:00:00,2306.07,2,4612.14,0.0,cod,Appliances,complete
ORD0002434,2435,364,2024-10-31 06:00:00,582.83,3,1748.49,0.0,Payaxis,Women's Fashion,canceled
ORD0002435,2436,8,2024-10-31 09:00:00,2318.91,1,2318.91,0.0,jazzwallet,Beauty & Grooming,complete
ORD0002436,2437,185,2024-10-31 12:00:00,1060.97,2,1927.77,194.17,easypay_voucher,Beauty & Grooming,complete
ORD0002437,2438,587,2024-10-31 15:00:00,859.67,2,1010.62,708.72,Payaxis,Beauty & Grooming,canceled
ORD0002438,2439,358,2024-10-31 18:00:00,644.59,3,1472.23,461.54,cod,Women's Fashion,canceled
ORD0002439,2440,492,2024-10-31 21:00:00,720.57,4,2845.01,37.27,Payaxis,Women's Fashion,canceled
ORD0002440,2441,533,2024-11-01 00:00:00,4051.07,3,12153.21,0.0,jazzwallet,Mobiles & Tablets,complete
ORD0002441,2442,393,2024-11-01 03:00:00,1380.99,3,4142.97,0.0,cod,Appliances,canceled
ORD0002442,2443,404,2024-11-01 06:00:00,1250.08,2,1816.54,683.62,cod,Women's Fashion,complete
ORD0002443,2444,166,2024-11-01 09:00:00,900.83,4,3057.37,545.95,easypay_voucher,Women's Fashion,complete
ORD0002444,2445,175,2024-11-01 12:00:00,6867.01,1,6867.01,0.0,easypay_voucher,Appliances,canceled
ORD0002445,2446,105,2024-11-01 15:00:00,2918.3,1,2918.3,0.0,easypay_voucher,Beauty & Grooming,complete
ORD0002446,2447,209,2024-11-01 18:00:00,638.55,1,432.18,206.37,cod,Mobiles & Tablets,complete
ORD0002447,2448,440,2024-11-01 21:00:00,893.18,2,1224.57,561.79,cod,Women's Fashion,canceled
ORD0002448,2449,649,2024-11-02 00:00:00,933.85,2,1867.7,0.0,easypay_voucher,Appliances,complete
ORD0002449,2450,308,2024-11-02 03:00:00,1223.42,4,4295.72,597.96,easypay_voucher,Beauty & Grooming,canceled
ORD0002450,2451,421,2024-11-02 06:00:00,648.12,3,1944.36,0.0,easypay_voucher,Appliances,complete
ORD0002451,2452,603,2024-11-02 09:00:00,1524.03,2,3048.06,0.0,Payaxis,Appliances,canceled
ORD0002452,2453,474,2024-11-02 12:00:00,3258.64,1,3175.71,82.93,easypay_voucher,Beauty & Grooming,complete
ORD0002453,2454,184,2024-11-02 15:00:00,409.44,3,1228.32,0.0,Payaxis,Beauty & Grooming,complete
ORD0002454,2455,197,2024-11-02 18:00:00,470.54,2,620.46,320.62,easypay_voucher,Appliances,complete
ORD0002455,2456,446,2024-11-02 21:00:00,763.28,4,2611.96,441.16,easypay_voucher,Men's Fashion,complete
ORD0002456,2457,202,2024-11-03 00:00:00,790.29,2,829.67,750.91,easypay_voucher,Women's Fashion,canceled
ORD0002457,2458,174,2024-11-03 03:00:00,4909.12,3,14727.36,0.0,cod,Appliances,complete
ORD0002458,2459,414,2024-11-03 06:00:00,2324.55,4,8765.33,532.87,cod,Mobiles & Tablets,canceled
ORD0002459,2460,445,2024-11-03 09:00:00,2226.62,2,4331.2,122.04,easypay_voucher,Appliances,canceled
ORD0002460,2461,178,2024-11-03 12:00:00,899.4,2,1798.8,0.0,jazzwallet,Women's Fashion,canceled
ORD0002461,2462,34,2024-11-03 15:00:00,884.71,3,2645.06,9.07,Payaxis,Beauty & Grooming,complete
ORD0002462,2463,537,2024-11-03 18:00:00,369.16,2,738.32,0.0,cod,Men's Fashion,complete
ORD0002463,2464,274,2024-11-03 21:00:00,1971.02,1,1971.02,0.0,easypay_voucher,Beauty & Grooming,canceled
ORD0002464,2465,443,2024-11-04 00:00:00,1584.92,2,3169.84,0.0,cod,Women's Fashion,complete
ORD0002465,2466,121,2024-11-04 03:00:00,2876.98,1,2876.98,0.0,Payaxis,Women's Fashion,complete
ORD0002466,2467,220,2024-11-04 06:00:00,936.25,3,2808.75,0.0,Payaxis,Appliances,complete
ORD0002467,2468,424,2024-11-04 09:00:00,986.01,1,608.97,377.04,easypay_voucher,Women's Fashion,complete
ORD0002468,2469,87,2024-11-04 12:00:00,1245.8,2,2491.6,0.0,easypay_voucher,Beauty & Grooming,complete
ORD0002469,2470,222,2024-11-04 15:00:00,2140.77,4,8563.08,0.0,cod,Mobiles & Tablets,complete
ORD0002470,2471,503,2024-11-04 18:00:00,364.07,3,1092.21,0.0,cod,Appliances,complete
ORD0002471,2472,540,2024-11-04 21:00:00,1904.63,3,5713.89,0.0,jazzwallet,Beauty & Grooming,complete
ORD0002472,2473,247,2024-11-05 00:00:00,1079.9,3,3239.7,0.0,Payaxis,Men's Fashion,canceled
ORD0002473,2474,81,2024-11-05 03:00:00,495.73,2,991.46,0.0,easypay_voucher,Men's Fashion,complete
ORD0002474,2475,19,2024-11-05 06:00:00,229.65,3,430.73,258.22,cod,Women's Fashion,canceled
ORD0002475,2476,389,2024-11-05 09:00:00,989.94,1,989.94,0.0,cod,Appliances,canceled
ORD0002476,2477,485,2024-11-05 12:00:00,3247.97,3,9743.91,0.0,cod,Beauty & Grooming,canceled
ORD0002477,2478,415,2024-11-05 15:00:00,3850.71,3,11552.13,0.0,cod,Appliances,complete
ORD0002478,2479,284,2024-11-05 18:00:00,1431.58,4,5381.21,345.11,cod,Appliances,canceled
ORD0002479,2480,16,2024-11-05 21:00:00,4776.7,4,19106.8,0.0,jazzwallet,Women's Fashion,complete
ORD0002480,2481,159,2024-11-06 00:00:00,1061.88,1,1061.88,0.0,easypay_voucher,Appliances,canceled
ORD0002481,2482,26,2024-11-06 03:00:00,2241.67,2,4483.34,0.0,cod,Men's Fashion,complete
ORD0002482,2483,324,2024-11-06 06:00:00,781.78,3,2345.34,0.0,cod,Women's Fashion,canceled
ORD0002483,2484,216,2024-11-06 09:00:00,745.5,2,1491.0,0.0,cod,Mobiles & Tablets,complete
ORD0002484,2485,50,2024-11-06 12:00:00,659.75,3,1551.93,427.32,Payaxis,Mobiles & Tablets,canceled
ORD0002485,2486,426,2024-11-06 15:00:00,233.83,4,633.88,301.44,cod,Beauty & Grooming,complete
ORD0002486,2487,259,2024-11-06 18:00:00,2879.35,2,5758.7,0.0,Payaxis,Beauty & Grooming,complete
ORD0002487,2488,673,2024-11-06 21:00:00,677.75,4,2711.0,0.0,Payaxis,Women's Fashion,complete
ORD0002488,2489,292,2024-11-07 00:00:00,601.2,4,2404.8,0.0,cod,Mobiles & Tablets,complete
ORD0002489,2490,64,2024-11-07 03:00:00,452.61,4,1482.93,327.51,easypay_voucher,Mobiles & Tablets,complete
ORD0002490,2491,493,2024-11-07 06:00:00,940.8,1,874.8,66.0,jazzwallet,Mobiles & Tablets,complete
ORD0002491,2492,492,2024-11-07 09:00:00,4115.93,2,8231.86,0.0,cod,Appliances,complete
ORD0002492,2493,650,2024-11-07 12:00:00,5272.89,1,5272.89,0.0,cod,Men's Fashion,complete
ORD0002493,2494,485,2024-11-07 15:00:00,315.56,1,315.56,0.0,jazzwallet,Men's Fashion,complete
ORD0002494,2495,253,2024-11-07 18:00:00,840.64,1,840.64,0.0,jazzwallet,Beauty & Grooming,complete
ORD0002495,2496,468,2024-11-07 21:00:00,504.84,2,1009.68,0.0,easypay_voucher,Beauty & Grooming,complete
ORD0002496,2497,558,2024-11-08 00:00:00,2301.35,1,2301.35,0.0,easypay_voucher,Appliances,complete
ORD0002497,2498,361,2024-11-08 03:00:00,1359.6,2,1967.09,752.11,cod,Men's Fashion,complete
ORD0002498,2499,556,2024-11-08 06:00:00,680.33,4,2721.32,0.0,Payaxis,Women's Fashion,canceled
ORD0002499,2500,676,2024-11-08 09:00:00,1157.98,4,4631.92,0.0,easypay_voucher,Men's Fashion,complete
